"ID","","","","","","","",""
"fcdde272-e17a-4787-896a-17b05ba603ab","Digital Credentials","Technical skills","IT Security, Cyber Security, Enterprise Architecture","Demonstrated ability to provide technical advice on establishing and integrating verifiable digital credentials into the flow of digital products and services, using approaches that show awareness of technical considerations and modern standards.","Informations d'identification numériques","Compétences techniques","Sécurité informatique, Cybersécurité, Architecture intégrée","Capacité démontrée à fournir des conseils techniques sur l’établissement et l’intégration de justificatifs d’identité numériques vérifiables dans le flux de produits et de services numériques, en utilisant des approches qui montrent une connaissance des considérations techniques et des normes modernes."
"98b2f107-96aa-4fc3-99a2-350f19c493f4","Federation","Technical skills","IT Security, Cyber Security, Enterprise Architecture","Demonstrated ability to provide expert advice and establish systems of identity and authentication in the context of networked systems, while respecting security considerations, localized environment constraints, and international best practices.","Fédération","Compétences techniques","Sécurité informatique, Cybersécurité, Architecture intégrée","Capacité démontrée à fournir des conseils d'expert et à établir des systèmes d'identité et d'authentification dans le contexte de systèmes en réseau, tout en respectant les considérations de sécurité, les contraintes de l'environnement localisé et les meilleures pratiques internationales."
"d4963999-1d0d-4b8a-a28f-52825a03dacb","TypeScript","Technical skills","Programming Languages, Frameworks, and Tools","Demonstrated ability to draw on concrete knowledge of this language to advance JavaScript-based products.","TypeScript","Compétences techniques","Langages de programmation, frameworks et outils","Capacité démontrée à s’appuyer sur une connaissance concrète de ce langage pour faire progresser les produits basés sur JavaScript."
"78914961-f6fd-4f81-9d77-66e7452e4ce6","Web Development Languages and Tools","Technical skills","Software Solutions - Web Development","Demonstrated ability to comfortably use core web development languages and have familiarity with additional frameworks and database languages, as needed. This may include languages such as HTML, CSS, Javascript or PHP.","Langages et outils de développement Web","Compétences techniques","Solutions logicielles - développement web","Capacité démontrée à utiliser confortablement les principaux langages de développement Web et à se familiariser avec d’autres frameworks et langages de base de données, au besoin. Cela peut inclure des langages tels que HTML, CSS, Javascript ou PHP."
"dbf9b050-9421-4218-8bc9-3ab0f3c91a81","Workload Management","Behavioural skills","Personal Behaviours","Demonstrated ability to manage workload in an environment of changing priorities and deadlines.","Gestion de la charge de travail","Compétences comportementales","Comportements personnels","Capacité démontrée de gérer la charge de travail dans un environnement de priorités changeantes et de délais prescrits."
"484b0175-191d-48b6-9107-a4ea60d51b80","Bug Identification and Bug Fixing","Technical skills","Software Solutions - Quality Assurance, Software Solutions - Web Development, Software Solutions - Application Development","Demonstrated ability to test for, accurately identify, and communicate technical problems or broken functionality in digital software, and the ability to implement corrective action, including further testing, ensuring that the bug is fixed and the problem and solution are documented.","Identification et correction des bogues","Compétences techniques","Solutions logicielles - assurance qualité, Solutions logicielles - développement web, Solutions logicielles - développement d'applications","Capacité démontrée à tester, identifier avec précision et communiquer les problèmes techniques ou les fonctionnalités défectueuses des logiciels numériques, et la capacité de mettre en œuvre des mesures correctives, y compris des tests supplémentaires, en veillant à ce que le bogue soit corrigé et que le problème et la solution soient documentés."
"217e5aaa-7462-44cf-b246-0683ff297604","Respect for Diversity","Behavioural skills","Interpersonal Behaviours","Demonstrated ability to appreciate the unique qualities and views that people from different backgrounds bring to a team, organization or project.","Respect de la diversité","Compétences comportementales","Comportements interpersonnels","Capacité démontrée à apprécier les qualités et les points de vue uniques que des personnes d'horizons différents apportent à une équipe, une organisation ou un projet."
"f935458c-c383-4e61-b388-dcf38bb8294c","Web Content Development","Technical skills","Software Solutions - Web Development","Demonstrated ability to develop web content, including transforming requirements into site structure, visual elements, copy and features, as well as testing components and ensuring quality.","Développement de contenu Web","Compétences techniques","Solutions logicielles - développement web","Capacité démontrée à développer du contenu Web, y compris la transformation des exigences en structure de site, éléments visuels, copie et fonctionnalités, ainsi qu’à tester les composants et à assurer la qualité."
"5dfd5822-1966-4476-a205-c72b6444822b","Client Services","Technical skills","IT Infrastructure Operations, Software Solutions - Quality Assurance, Access to Information and Privacy, Software Solutions - Web Development, Financial Management","Demonstrated ability to interact respectfully with clients, adhere to established client services procedures, identify issues, and effectively resolve client concerns.","Services à la clientèle","Compétences techniques","Opérations d'infrastructure informatique, Solutions logicielles - assurance qualité, Accès à l’information et de la protection des renseignements personnels, Solutions logicielles - développement web, Gestion financière","Capacité manifeste à interagir respectueusement avec les clients, à respecter les procédures établies en matière de services à la clientèle, à cerner les problèmes et à résoudre efficacement les préoccupations des clients."
"c989f023-fd37-43e3-ac6c-f66bcb1113b4","Public Key Infrastructure","Technical skills","IT Security, Cyber Security, Enterprise Architecture","Demonstrated ability to work with (and provide technical advice on) infrastructure, policies, and procedures needed to support digital certificates and public keys throughout their lifecycle, including creation, use, distribution, storage, access, management, revocation, and dissolution.","Infrastructure à clé publique","Compétences techniques","Sécurité informatique, Cybersécurité, Architecture intégrée","Capacité démontrée à travailler avec (et à fournir des conseils techniques sur) l'infrastructure, les politiques et les procédures nécessaires pour prendre en charge les certificats numériques et les clés publiques tout au long de leur cycle de vie, y compris la création, l'utilisation, la distribution, le stockage, l'accès, la gestion, la révocation et la dissolution."
"07850918-9686-4203-83f4-1c6c88ddf99a","HTML","Technical skills","Programming Languages, Frameworks, and Tools","Demonstrated ability to apply concrete knowledge of this markup language to develop a variety of web projects.","HTML","Compétences techniques","Langages de programmation, frameworks et outils","Capacité démontrée à appliquer des connaissances concrètes de ce langage de balisage pour développer une variété de projets Web."
"edaa0137-c0ef-4501-a29d-a5779e23baaa","Multi-Factor Authentication","Technical skills","IT Security, Cyber Security, Enterprise Architecture","Demonstrated ability to provide technical advice on multi-factor authentication solutions for digital products and services, using approaches that demonstrate awareness of security considerations, user experience, enterprise direction and modern approaches to user flows. This includes activities such as supporting the creation of architectures, frameworks, policies, and procedures, as well as overseeing the technical implementation.","Authentification multifacteur","Compétences techniques","Sécurité informatique, Cybersécurité, Architecture intégrée","Capacité démontrée à fournir des conseils techniques sur les solutions d'authentification multifacteur pour les produits et services numériques, en utilisant des approches qui démontrent une prise en compte des considérations de sécurité, de l'expérience utilisateur, de l'orientation de l'entreprise et des approches modernes des flux d'utilisateurs. Cela comprend des activités telles que le soutien à la création d'architectures, de cadres, de politiques et de procédures, ainsi que la supervision de la mise en œuvre technique."
"e27872e6-d862-4d75-aea7-4e31f5da4a7e","PowerBuilder","Technical skills","Programming Languages, Frameworks, and Tools","Demonstrated ability to draw on concrete knowledge of this tool to create cloud-based Windows applications and components.","PowerBuilder","Compétences techniques","Langages de programmation, frameworks et outils","Capacité démontrée à s’appuyer sur des connaissances concrètes de cet outil pour créer des applications et des composants Windows basés sur le cloud."
"47fe8109-7a6d-44f4-b45d-fdca2e5d72bd","Data Ethics and Privacy","Technical skills","Data Services - Data Analytics, Data Services - Data Systems Operations","Demonstrated ability to ensure ethical practices in acquiring, using, interpreting and sharing data across the data lifecycle as well as proactively identify ethical issues, privacy implications and barriers to data accessibility and identify indicators of bias to prevent the reinforcement of unintended biases within policies, programs, products, or services.","Éthique des données et protection des renseignements personnels","Compétences techniques","Services de données - Analyse de données, Services de données - Opérations des systèmes de données","Capacité démontrée à garantir des pratiques éthiques dans l’acquisition, l’utilisation, l’interprétation et le partage des données tout au long de leur cycle de vie, ainsi qu’à identifier de manière proactive les questions éthiques, les implications en matière de respect de la vie privée et les obstacles à l’accessibilité des données, et à identifier les indicateurs de partialité afin d’éviter le renforcement de préjugés involontaires dans les politiques, les programmes, les produits ou les services."
"af614799-5f73-4c4f-8c69-a91edb58a86a","Data Quality Assurance, Validation and Linkage","Technical skills","Data Services - Data Analytics","Demonstrated ability to identify appropriate methods for collecting, collating, and preparing data, ensuring they are fit for purpose, assess data sources to determine their accuracy and suitability in meeting organizational needs, while identifying and rectifying errors, and adhere to organizational policies, procedures, and standards to ensure the acquisition of high-quality data.","Validation, couplage et assurance de la qualité des données","Compétences techniques","Services de données - Analyse de données","Capacité démontrée à identifier les méthodes appropriées pour collecter, rassembler et préparer les données, en s’assurant qu’elles sont adaptées à l’objectif visé, à évaluer les sources de données pour déterminer leur exactitude et leur adéquation aux besoins de l’organisation, tout en identifiant et en rectifiant les erreurs, et à respecter les politiques, procédures et normes de l’organisation pour garantir l’acquisition de données de haute qualité."
"8921c4a0-fb33-4834-acba-e2b93bb176df","Artificial Intelligence System Operations","Technical skills","Data Services - Data Science","Demonstrated ability to manage the operational aspects of artificial intelligence systems for effective performance and reliability. This may include automation software development, ensuring system availability, or overseeing deployment processes.","Opérations du système d’intelligence artificielle","Compétences techniques","Services de données - Science des données","Capacité démontrée à gérer les aspects opérationnels des systèmes d'intelligence artificielle pour assurer des performances et une fiabilité efficaces. Cela peut inclure le développement de logiciels d'automatisation, l'assurance de la disponibilité des systèmes ou la supervision des processus de déploiement."
"926ebd3e-e3e6-4185-b235-7365622be205","Electronic Signature","Technical skills","IT Security, Cyber Security","Demonstrated ability to provide advice on the establishment of electronic signature functionality for digital products and services, demonstrating awareness of technical, legal and security-related considerations.","Signature électronique","Compétences techniques","Sécurité informatique, Cybersécurité","Capacité démontrée à fournir des conseils sur la mise en place d'une fonctionnalité de signature électronique pour les produits et services numériques, démontrant une connaissance des considérations techniques, juridiques et liées à la sécurité."
"ec43a31b-c07e-4eea-a431-ea6e7509a733","Human Resources Supervision","Technical skills","Financial Management, Leadership - General Technical Skills","Demonstrated ability to supervise employees or contractors, including working with management to set work plans, overseeing the completion of tasks, monitoring performance, supporting learning objectives, and mentoring","Supervision des ressources humaines","Compétences techniques","Gestion financière, Leadership - Compétences techniques générales","Capacité démontrée à superviser des employés ou des entrepreneurs, notamment en travaillant avec la direction pour établir des plans de travail, en supervisant l'exécution des tâches, en surveillant les performances, en soutenant les objectifs d'apprentissage et en faisant du mentorat"
"f5ad9a3e-9787-4a95-ac42-f44413948ee6","Briefing Management","Technical skills","Leadership - General Technical Skills","Demonstrated ability to manage taskings on topic and on time by preparing briefing material, and providing written or verbal briefings and advice to mid-level and immediate management levels.","Breffage de la gestion","Compétences techniques","Leadership - Compétences techniques générales","Capacité démontrée à gérer les tâches en fonction du sujet et dans les délais impartis en préparant des documents d’information et en fournissant des exposés et des conseils écrits ou verbaux aux niveaux intermédiaires et immédiats de la direction."
"cbf23748-88a8-4743-a0fd-a71ef4350aee","Advice to Senior Management","Technical skills","Leadership - Executive Technical Skills","Demonstrated ability to provide oral and written briefings and strategic advice to senior management on complex and significant topics, as well as presentations to senior management committees. Senior management is defined as those in the top two layers of an organization (e.g. Deputy Minister, Assistant Deputy Minister, Chief Information Officer, Chief Executive Officer, President, Vice-President).","Conseils à la haute direction","Compétences techniques","Leadership - Compétences techniques des cadres","Capacité démontrée à fournir des exposés oraux et écrits et des conseils stratégiques à la haute direction sur des sujets complexes et importants, ainsi que des présentations aux comités de haute direction. La haute direction est définie comme étant celle des deux niveaux supérieurs d'une organisation (par exemple, sous-ministre, sous-ministre adjoint, dirigeant principal de l'information, directeur général, président, vice-président)."
"6dac2345-75c7-4d9e-a457-e79eccc9cc63","Information Requests - Analysis","Technical skills","Access to Information and Privacy","Demonstrated ability to analyze and interpret access to information (ATI), freedom of information (FOI) or personal information (Privacy) requests","Demandes d'information - Analyse","Compétences techniques","Accès à l’information et de la protection des renseignements personnels","Capacité démontrée à analyser et à interpréter les demandes d'accès à l'information (AAI), d'accès à l'information (AAI) ou de renseignements personnels (confidentialité)"
"80fe1154-4a2f-404f-8d8c-93769bb160b3","Development and Delivery of Training Sessions","Technical skills","Access to Information and Privacy","Demonstrated ability to develop educational content on work-related processes and procedures, and effectively present it to audiences in an engaging and educational manner.","Développement et prestation de sessions de formation","Compétences techniques","Accès à l’information et de la protection des renseignements personnels","Capacité démontrée à développer du contenu éducatif sur les processus et procédures liés au travail, et à le présenter efficacement au public de manière engageante et éducative."
"2c210798-b3f5-462a-afe8-6cf920d1d205","C++","Technical skills","Programming Languages, Frameworks, and Tools","Demonstrated ability to apply concrete knowledge of this language to develop a variety of projects.","C++","Compétences techniques","Langages de programmation, frameworks et outils","Capacité démontrée à appliquer des connaissances concrètes de cette langue pour développer une variété de projets."
"7e9bfeb9-c560-427c-a834-3a43106d34c3","Government and Department Policies and Standards","Technical skills","Working in Government, Digital Project Portfolio Management","Demonstrated knowledge of and experience developing government or departmental policies, procedures, or guidelines.","Politiques et normes du gouvernement et des ministères","Compétences techniques","Travailler au sein du gouvernement, Gestion de portefeuille de projets numériques","Connaissance et expérience démontrées de l’élaboration de politiques, de procédures ou de lignes directrices gouvernementales ou ministérielles."
"312ad1db-75a6-49ba-ba01-3442cfbc75e2","Power Platform","Technical skills","Programming Languages, Frameworks, and Tools","Demonstrated ability to use this low code tool to support projects that leverage Microsoft tools such as Power Pages, Power BI, Power Apps, Power Automate, and Power Virtual Agents.","Power Platform","Compétences techniques","Langages de programmation, frameworks et outils","Capacité démontrée à utiliser cet outil low code pour prendre en charge des projets qui exploitent les outils Microsoft tels que Power Pages, Power BI, Power Apps, Power Automate et Power Virtual Agents."
"6f7c26d0-f4a5-4929-9677-44e39e22c757","Executive Leadership of Enterprise Architecture","Technical skills","Leadership - Executive Technical Skills","Demonstrated ability at the executive level to lead Enterprise Architecture initiatives, which may include setting vision and direction, directing implementation and operations, and ensuring delivery of results","Leadership exécutif de l'architecture intégrée de la numérique","Compétences techniques","Leadership - Compétences techniques des cadres","Capacité démontrée au niveau de la direction à diriger des initiatives d'architecture intégrée de la numérique, ce qui peut inclure la définition d'une vision et d'une orientation, la direction de la mise en œuvre et des opérations et la garantie de l'obtention des résultats"
"ea584c48-a579-4d0b-b464-22e688e29d11","Information Requests - Reviewing","Technical skills","Access to Information and Privacy","Demonstrated ability to conduct quality reviews of sensitive and complex access to information (ATI), freedom of information (FOI) or personal information (Privacy) requests.","Demandes d'informations - Examen","Compétences techniques","Accès à l’information et de la protection des renseignements personnels","Capacité démontrée à effectuer des examens de qualité de demandes sensibles et complexes d’accès à l’information (ATI), d’accès à l’information (FOI) ou de renseignements personnels (confidentialité)."
"9c8affde-de7c-4e83-bd86-1ed5cf18c135","Identity, Credential and Access Management","Technical skills","IT Infrastructure Operations, IT Security, Cyber Security, Enterprise Architecture","Demonstrated ability to work with (and provide advice on) the establishment, management, and integration of digital identity, digital credentials and access management into digital products and services.  This includes demonstrating awareness of security considerations, user experience, enterprise direction and modern approaches to user flows. It also includes undertaking activities such as technical implementation and supporting the creation of architectures, requirements, frameworks, policies, and procedures.","Gestion des identités, des informations d'identification et des accès","Compétences techniques","Opérations d'infrastructure informatique, Sécurité informatique, Cybersécurité, Architecture intégrée","Capacité démontrée à travailler (et à fournir des conseils sur) l'établissement, la gestion et l'intégration de l'identité numérique, des informations d'identification numériques et de la gestion des accès dans les produits et services numériques. Cela implique de démontrer une prise de conscience des considérations de sécurité, de l'expérience utilisateur, de l'orientation de l'entreprise et des approches modernes des flux d'utilisateurs. Cela comprend également la réalisation d'activités telles que la mise en œuvre technique et le soutien à la création d'architectures, d'exigences, de cadres, de politiques et de procédures."
"2b060d0c-67ea-489a-851a-4bf4c1577153","Human Resources Management","Technical skills","Financial Management, Leadership - General Technical Skills","Demonstrated ability (at a non-executive level) to manage teams, contractors, and employees, including: assigning work, establishing performance objectives and indicators, developing resourcing plans, determining needs and approving training","Gestion des ressources humaines","Compétences techniques","Gestion financière, Leadership - Compétences techniques générales","Capacité démontrée (à un niveau non exécutif) à gérer des équipes, des sous-traitants et des employés, notamment : attribuer du travail, établir des objectifs et des indicateurs de performance, élaborer des plans de ressources, déterminer les besoins et approuver la formation"
"45507d73-84ef-433c-bfc9-422e3a9a4282","Handling of Personal Information Sharing Agreements","Technical skills","Access to Information and Privacy","Demonstrated ability to work on information sharing agreements involving personal information, including facilitating the legal and ethical exchange of personal data while ensuring privacy compliance and data security.","Traitement des accords de partage d’informations personnelles","Compétences techniques","Accès à l’information et de la protection des renseignements personnels","Capacité démontrée à travailler sur des accords de partage d'informations impliquant des informations personnelles, notamment en facilitant l'échange légal et éthique de données personnelles tout en garantissant le respect de la confidentialité et la sécurité des données."
"2c2a7b58-8a61-49b4-af13-91a1ef89f236","Conducting Privacy Impact Assessments","Technical skills","Access to Information and Privacy","Demonstrated ability to assess and ensure compliance with data privacy regulations requiring expertise in legal frameworks, risk analysis and effective communication.","Réalisation d’évaluations des facteurs relatifs à la vie privée","Compétences techniques","Accès à l’information et de la protection des renseignements personnels","Capacité démontrée à évaluer et à assurer la conformité aux réglementations en matière de confidentialité des données, ce qui nécessite une expertise dans les cadres juridiques, l’analyse des risques et une communication efficace."
"1ea5d890-e5f1-4436-ae80-5ff69e11faa3","COBOL","Technical skills","Programming Languages, Frameworks, and Tools","Demonstrated ability to apply concrete knowledge of this language to develop a variety of projects.","COBOL","Compétences techniques","Langages de programmation, frameworks et outils","Capacité démontrée à appliquer des connaissances concrètes de cette langue pour développer une variété de projets."
"a91bd7a1-5399-40f9-be13-54f35fcf8a25","Docker","Technical skills","Programming Languages, Frameworks, and Tools","Demonstrated ability to leverage platform features to develop and manage applications, including demonstrated knowledge of best practice for using containers and security features.","Docker","Compétences techniques","Langages de programmation, frameworks et outils","Capacité démontrée à tirer parti des fonctionnalités de la plateforme pour développer et gérer des applications, y compris une connaissance avérée des meilleures pratiques d’utilisation des conteneurs et des fonctionnalités de sécurité."
"f7795cae-12fb-4ae8-b421-1fc02093580e","Research and Analysis","Technical skills","Information and Data Governance - Operations, Access to Information and Privacy","Demonstrated ability to research and analyze documents or case law in order to prepare recommendations.","Recherche et analyse","Compétences techniques","Gouvernance de l'information et des données - Opérations, Accès à l’information et de la protection des renseignements personnels","Capacité démontrée à rechercher et analyser des documents ou de la jurisprudence afin de préparer des recommandations."
"4a778670-0f72-46f5-850f-bee2b6ea74d1","Data Systems","Technical skills","Data Services - Data Systems Operations","Demonstrated ability to use tools, software, platforms, or processes to design and deliver data systems into the organisation effectively and in alignment with organizational needs.","Systèmes de données","Compétences techniques","Services de données - Opérations des systèmes de données","Capacité démontrée à utiliser des outils, des logiciels, des plateformes ou des processus pour concevoir et mettre en place des systèmes de données au sein de l’organisation de manière efficace et en conformité avec les besoins de l’organisation."
"4390a8d1-9b4d-463b-8f17-83deb4b29920","Process Monitoring","Technical skills","Access to Information and Privacy","Demonstrated ability to understand and follow procedural steps. This includes updating and monitoring procedures, processes, and tools.","Surveillance des processus","Compétences techniques","Accès à l’information et de la protection des renseignements personnels","Capacité démontrée à comprendre et à suivre les étapes d'une procédure. Cela inclut la mise à jour et le suivi des procédures, des processus et des outils."
"c9bc8254-a44d-4b60-b45f-ce75e2cd7b24","Information Management and Document Handling","Technical skills","Access to Information and Privacy","Demonstrated ability to follow document handling and information management procedures in a professional environment as part of a service or business function.","Gestion de l’information et traitement des documents","Compétences techniques","Accès à l’information et de la protection des renseignements personnels","Capacité manifeste à suivre les procédures de traitement des documents et de gestion de l’information dans un environnement professionnel, dans le contexte d’un service ou d’une fonction opérationnelle."
"d31ab72b-2883-48dc-9f7b-6567783f233c","Human Resources Administration","Technical skills","Financial Management, Leadership - General Technical Skills","Demonstrated ability to navigate and handle HR-related tasks, documentation and processes and familiarity with HR terminology.","Administration des ressources humaines","Compétences techniques","Gestion financière, Leadership - Compétences techniques générales","Capacité démontrée à naviguer et à gérer les tâches, la documentation et les processus liés aux RH et connaissance de la terminologie des RH."
"d4592e6c-5f50-4793-b739-583d3bfa0d99","Policies, Procedures, or Guidelines development","Technical skills","Access to Information and Privacy","Demonstrated ability to interpret and develop varied policies, procedures or guidelines.","Élaboration de politiques, de procédures ou de lignes directrices.","Compétences techniques","Accès à l’information et de la protection des renseignements personnels","Capacité démontrée d’interpréter et d’élaborer diverses politiques, procédures ou lignes directrices."
"b0a94316-de56-4601-928d-81f10445c6cb","Advise and Negotiate","Technical skills","Access to Information and Privacy, Interpersonal Behaviours","Demonstrated ability to negotiate with or provide advice to stakeholders. This may include internal stakeholders (within the candidate's organization) or external stakeholders (any institution outside of the candidate's organization).","Conseiller et négocier","Compétences techniques","Accès à l’information et de la protection des renseignements personnels, Comportements interpersonnels","Capacité avérée à négocier avec les parties prenantes ou à les conseiller. Cela peut inclure des parties prenantes internes (au sein de l'organisation du candidat) ou externes (toute institution extérieure à l'organisation du candidat)."
"945b11f6-974c-431d-98b6-21de1f1cb792","Ability to Learn Quickly","Behavioural skills","Thinking Skills","Demonstrated ability to rapidly pick up new skills and competencies, and apply them in a work situation.","Capacité d’apprendre rapidement","Compétences comportementales","Capacités de raisonnement","Capacité démontrée à acquérir rapidement de nouvelles aptitudes et compétences et à les appliquer dans une situation de travail."
"e30fc3be-33e2-4910-91ed-8150bf4df5af","Web Information Architecture","Technical skills","Software Solutions - Web Development","Demonstrated ability to create, audit, revise, and organize web content in a meaningful way that enables user behaviours and understanding. This includes the demonstrated ability to produce content that is easy to navigate, easy to find, and easily understood.","Architecture de l’information Web","Compétences techniques","Solutions logicielles - développement web","Capacité démontrée de créer, d’auditer, de réviser et d’organiser du contenu Web d’une manière significative qui permet aux utilisateurs de les adopter et de les comprendre. Cela inclut la capacité démontrée à produire du contenu facile à naviguer, facile à trouver et facile à comprendre."
"1bd7be9e-6b90-4d4f-86b0-1f8bb08ac00d","SAP Fiori","Technical skills","Programming Languages, Frameworks, and Tools","Demonstrated ability to apply concrete knowledge of this design language to enhance user experiences in enterprise applications.","SAP Fiori","Compétences techniques","Langages de programmation, frameworks et outils","Capacité démontrée à appliquer des connaissances concrètes liées à ce langage de conception afin d’améliorer l’expérience utilisateur dans les applications d’entreprise."
"f66c843d-987f-47c3-b02f-95b1b0b2af9d","Microsoft Access","Technical skills","Programming Languages, Frameworks, and Tools","Demonstrated ability to use this relational database management system to develop working applications in a low code environment.","Microsoft Access","Compétences techniques","Langages de programmation, frameworks et outils","Capacité démontrer à utiliser ce système de gestion de base de données relationnelle afin de mettre au point des applications fonctionnelles dans un environnement à programmation schématisée."
"5e5367c0-efdc-4d7e-8721-8ecf1d0d1190","Advice to Management","Technical skills","Leadership - General Technical Skills","Demonstrated ability to develop evidence-based analysis and recommendations and to communicate this work to management, verbally or in writing, in a clear and meaningful way.","Conseils à la direction","Compétences techniques","Leadership - Compétences techniques générales","Capacité démontrée d’élaborer des analyses et des recommandations fondées sur des données probantes et de communiquer ce travail à la direction, verbalement ou par écrit, de manière claire et significative."
"9aa0bd20-9bfa-4387-9e96-89529af7c857","Data Tools","Technical skills","Data Services - Data Analytics, Data Services - Data Systems Operations","Demonstrated ability to choose the most relevant tool in line with the core technical concepts related to the data job and practically apply tools in line with industry best practices.","Outils de données","Compétences techniques","Services de données - Analyse de données, Services de données - Opérations des systèmes de données","Capacité démontrée à choisir l’outil le plus approprié en fonction des concepts techniques fondamentaux liés au travail sur les données et à appliquer concrètement les outils conformément aux pratiques exemplaires du secteur."
"8830d0d7-2da0-4189-8447-1302aecc2663","Information Architecture Advocacy","Technical skills","Information and Data Governance - Information Architecture","Demonstrated ability to drive a culture that values information and data sharing and advocates good information architecture practices to enable seamless sharing and reuse of information.","Appui à l'architecture de l'information","Compétences techniques","Gouvernance de l'information et des données - Architecture de l'information","Capacité démontrée à promouvoir une culture qui valorise le partage de l'information et des données et qui préconise de bonnes pratiques en matière d'architecture de l'information afin de permettre un partage et une réutilisation transparents de l'information."
"cebf8755-e7bc-438c-b77e-3e193096388c","Preparation of Briefing Materials - Legal Terminology","Technical skills","Access to Information and Privacy","Demonstrated ability to handle, interpret and prepare briefing documents with legal terminology, ensuring accuracy and compliance.","Préparation des documents d’information - Terminologie juridique","Compétences techniques","Accès à l’information et de la protection des renseignements personnels","Aptitude avérée à manipuler, interpréter et préparer des documents d’information avec une terminologie juridique, en veillant à l’exactitude et à la conformité."
"8b266e87-a657-4e79-9ec1-692c607d5ee6","Written Communication","Behavioural skills","Communication Skills","Demonstrated ability to write information in a clear, logical manner that enables readers to understand and use the concepts shared.","Communication écrite","Compétences comportementales","Compétences en communication","Capacité démontrée à rédiger de l’information d’une manière claire et logique qui permet aux lecteurs de comprendre et d’utiliser les concepts partagés."
"b5773b4e-6a8e-4893-9efe-076533844017","Azure Policy","Technical skills","Programming Languages, Frameworks, and Tools, Enterprise Architecture","Demonstrated ability to use, create, and modify policies in Azure, with awareness of the impact of these changes on the broader Azure policy ecosystem.","Politique Azure","Compétences techniques","Langages de programmation, frameworks et outils, Architecture intégrée","Capacité démontrée à utiliser, créer et modifier des stratégies dans Azure, en étant conscient de l’impact de ces changements sur l’écosystème de stratégies Azure au sens large."
"3df9af40-692d-41f4-a850-aefdb0ba7c49","Artificial Intelligence System Monitoring and Governance","Technical skills","Data Services - Data Science","Demonstrated ability to develop and maintain monitoring systems for AI systems, addressing health, bias, and data drift to ensure ethical and reliable performance.","Surveillance et gouvernance des systèmes d’intelligence artificielle","Compétences techniques","Services de données - Science des données","Capacité démontrée à développer et à maintenir des systèmes de surveillance pour les systèmes d'IA, en tenant compte de la santé, de la partialité et de la dérive des données afin d'assurer des performances éthiques et fiables."
"3a908228-1cdb-4020-a12d-5ee23972a5a6","Data Innovation","Technical skills","Data Services - Data Systems Operations","Demonstrated ability to acknowledge emerging trends in data tools, analysis, data usage and understands the impact on the organization as well as implements new tools and processes when they will improve usability of data and organizational outcomes.","Innovation en matière de données","Compétences techniques","Services de données - Opérations des systèmes de données","Capacité démontrée à reconnaître les nouvelles tendances en matière d’outils de données, d’analyse et d’utilisation des données, à comprendre leur impact sur l’organisation et à mettre en œuvre de nouveaux outils et processus lorsqu’ils permettent d’améliorer l’utilisation des données et les résultats de l’organisation."
"88319dc9-5017-4614-bd69-c1e6bcedcbf1","Information Architecture Maintenance","Technical skills","Information and Data Governance - Information Architecture","Demonstrated ability to use and maintain information architecture artefacts including enterprise taxonomies, vocabularies, classification schemes, namespaces and ontologies.","Maintenance de l'architecture de l'information","Compétences techniques","Gouvernance de l'information et des données - Architecture de l'information","Capacité démontrée à utiliser et à maintenir des artefacts d'architecture de l'information, notamment des taxonomies, des vocabulaires, des systèmes de classification, des espaces de noms et des ontologies d'entreprise."
"c54d51ff-5372-42a9-9fda-0395207017c6","Information Architecture Advice","Technical skills","Information and Data Governance - Information Architecture","Demonstrated ability to provide guidance on the development and maintenance of information architecture artefacts.","Conseil en architecture de l'information","Compétences techniques","Gouvernance de l'information et des données - Architecture de l'information","Capacité démontrée à fournir des orientations sur le développement et la maintenance des artefacts de l'architecture de l'information."
"4bb635d8-a988-4df4-aeac-51ba279cd688","Access to Information and Privacy Software","Technical skills","Access to Information and Privacy","Demonstrated ability to use Access to Information and Privacy (ATIP) software. This may include portals, databases, or query programs that are specific to ATIP.","Logiciels d’accès à l’information et de protection de la vie privée","Compétences techniques","Accès à l’information et de la protection des renseignements personnels","Capacité démontrée à utiliser des logiciels d'accès à l'information et de protection des renseignements personnels (AIPRP). Cela peut inclure des portails, des bases de données ou des programmes d'interrogation qui sont spécifiques à l’AIPRP"
"782c953b-6aa5-40e6-9e01-007df83b4bd8","Information Requests - Processing","Technical skills","Access to Information and Privacy","Demonstrated ability to process access to information (ATI), freedom of information (FOI) or personal information (Privacy) requests.","Demandes d'informations - Traitement","Compétences techniques","Accès à l’information et de la protection des renseignements personnels","Capacité manifeste à traiter les demandes d’accès à l’information (AI), de liberté d’accès à l’information (LAI) ou de protection des renseignements personnels."
"9723644a-5a7e-4033-86c6-2d43a306dd3d","Collaboration","Behavioural skills","Interpersonal Behaviours","Demonstrated ability to work with others toward a common goal through the mutual sharing of ideas, information, and resources.","Collaboration","Compétences comportementales","Comportements interpersonnels","Capacité démontrée à travailler avec d’autres personnes vers un objectif commun grâce au partage mutuel d’idées, d’informations et de ressources."
"c0a244ef-3879-447f-a6e2-7858cca33f60","Business Continuity Analysis Procedures and Exercise Frameworks","Technical skills","IT Security","Demonstrated ability to identify threats to essential business functions and create prevention and recovery systems to deal with them.","Procédures d’analyse de la continuité des activités et cadres d’exercices","Compétences techniques","Sécurité informatique","Capacité démontrée à identifier les menaces qui pèsent sur les fonctions essentielles de l’entreprise et à créer des systèmes de prévention et de rétablissement pour y faire face."
"f838592b-9df3-4f1d-afba-6339080d7706","Decision-Making","Behavioural skills","Thinking Skills, Leadership - General Behaviours","Demonstrated ability to select a course of action in a rational and timely way, weighing factors such as feasibility, benefits, risks, competing concerns, and alternative choices.","Prise de décision","Compétences comportementales","Capacités de raisonnement, Leadership - Comportements généraux","Aptitude avérée à choisir un plan d’action de manière rationnelle et opportune, en soupesant des facteurs tels que la faisabilité, les avantages, les risques, les préoccupations concurrentes et les choix alternatifs."
"b8ff8796-7cb9-4659-9aef-5daa08331516","Application Content Development","Technical skills","Software Solutions - Application Development","Demonstrated ability to develop content for applications, including copy, visuals, and feature elements.","Développement de contenu pour les applications","Compétences techniques","Solutions logicielles - développement d'applications","Capacité démontrée à développer du contenu pour des applications, y compris des textes, des visuels et des éléments de fonctionnalité."
"183434af-f5c2-464f-9422-aaa50c54254d","IT Project Progress Monitoring","Technical skills","Digital Project Portfolio Management, IT Planning and Reporting, Digital Business Line Advisory Services","Demonstrated ability to work with established procedures to track IT projects, including demonstrating awareness of best practices in IT project planning, working with clients to gather data, and ensuring attention to detail.","Suivi de l’avancement des projets informatiques","Compétences techniques","Gestion de portefeuille de projets numériques, Planification et établissement de rapports en matière de la numérique, Services consultatifs auprès des secteurs de la numérique","Capacité démontrée à travailler avec des procédures établies pour suivre les projets informatiques, notamment en démontrant une connaissance des meilleures pratiques en matière de planification de projets informatiques, en travaillant avec les clients pour recueillir des données et en garantissant le souci du détail."
"ce3ec269-7b2c-4247-a3ce-18bdc04339f0","Agile Methodologies","Technical skills","IT Infrastructure Operations, Software Solutions - Quality Assurance, Software Solutions - Web Development, Software Solutions - Application Development, Software Solutions - Product Design, Digital Business Line Advisory Services","Demonstrated ability to break projects up into short, structured cycles so work can be routinely assessed and improved upon.","Méthodologies agiles","Compétences techniques","Opérations d'infrastructure informatique, Solutions logicielles - assurance qualité, Solutions logicielles - développement web, Solutions logicielles - développement d'applications, Solutions logicielles - Conception de produits, Services consultatifs auprès des secteurs de la numérique","Capacité avérée à diviser les projets en cycles courts et structurés afin que le travail puisse être régulièrement évalué et amélioré."
"492dd415-7036-410a-bb6b-fa54a0a462a4","Automated Decision-Making","Technical skills","Data Services - Data Science","Demonstrated ability to apply the Directive on Automated Decision-Making, including completing an Algorithmic Impact Assessment, to identify, evaluate and mitigate risks associated with deploying an automated decision-making system.","Prise de décision automatisée","Compétences techniques","Services de données - Science des données","Capacité démontrée à appliquer la directive sur la prise de décision automatisée, notamment en réalisant une évaluation de l'impact algorithmique, afin d'identifier, d'évaluer et d'atténuer les risques liés au déploiement d'un système de prise de décision automatisée."
"e4b1b2c9-e50e-4453-bc19-33728cdd866b","Responsive Design","Technical skills","Software Solutions - Web Development, Software Solutions - Application Development, Software Solutions - Product Design","Demonstrated ability to produce designs and features for web content and applications to ensure that users with various screen sizes experience an equivalent level of product quality, functionality, and accessibility.","Conception adaptative","Compétences techniques","Solutions logicielles - développement web, Solutions logicielles - développement d'applications, Solutions logicielles - Conception de produits","Capacité démontrée à produire des conceptions et des caractéristiques pour le contenu et les applications web afin de garantir que les utilisateurs de différentes tailles d'écran bénéficient d'un niveau équivalent de qualité, de fonctionnalité et d'accessibilité du produit."
"1837cbf1-e616-4ad3-bdaa-98a53ddb1a91","Software and Hardware Installation and Configuration","Technical skills","IT Infrastructure Operations","Demonstrated ability to install equipment, machines, wiring or programs to meet specifications. This includes the ability to change the default attributes of software or hardware devices according to a defined build or baseline of technical specifications.","Installation et configuration des logiciels et du matériel","Compétences techniques","Opérations d'infrastructure informatique","Capacité démontrée d’installer de l’équipement, des machines, du câblage ou des programmes pour répondre aux spécifications. Cela inclut la possibilité de modifier les attributs par défaut des périphériques logiciels ou matériels en fonction d’une version définie ou d’une base de spécifications techniques."
"114a1385-3548-4c70-ae64-3ec3f2e35c9f","Interpretation and Application of Legislation","Technical skills","Access to Information and Privacy","Demonstrated ability to interpret and apply federal, territorial, provincial, or municipal legislation in a professional or academic context.","Interprétation et application des lois","Compétences techniques","Accès à l’information et de la protection des renseignements personnels","Capacité manifeste à interpréter et à appliquer les lois fédérales, territoriales, provinciales ou municipales dans un contexte professionnel ou d’enseignement."
"de68f9b8-739f-4dee-9843-9053314f2ef9","Figma","Technical skills","Programming Languages, Frameworks, and Tools","Demonstrated ability to apply concrete knowledge of this tool to develop a variety of products.","Figma","Compétences techniques","Langages de programmation, frameworks et outils","Capacité démontrée à appliquer des connaissances concrètes de cet outil pour développer une variété de produits."
"c0bcfd0b-c16c-49cb-a69f-ea3821903cfc","Cloud Security Architecture","Technical skills","Enterprise Architecture","Demonstrated ability to describe and document how to integrate security controls throughout the deployment of information to cloud-based servers.","Architecture de sécurité infonuagique","Compétences techniques","Architecture intégrée","Capacité démontrée à décrire et à documenter la façon d’intégrer les contrôles de sécurité tout au long du déploiement de l’information sur des serveurs infonuagiques."
"15a3c50c-7867-4e2c-80f7-85f4542d6748","Digital Product Accessibility","Technical skills","Software Solutions - Quality Assurance, Software Solutions - Web Development, Software Solutions - Application Development, Software Solutions - Product Design, Digital Business Line Advisory Services","Demonstrated ability to produce, review, test, and recommend improvements to digital products to meet minimum government standards for accessibility. This includes demonstrating applied knowledge of  best practices and industry standards in accessible digital product design and delivery.","Accessibilité des produits numériques","Compétences techniques","Solutions logicielles - assurance qualité, Solutions logicielles - développement web, Solutions logicielles - développement d'applications, Solutions logicielles - Conception de produits, Services consultatifs auprès des secteurs de la numérique","Capacité démontrée de produire, d’examiner, de mettre à l’essai et de recommander des améliorations aux produits numériques afin de respecter les normes minimales du gouvernement en matière d’accessibilité. Il s’agit notamment de démontrer une connaissance appliquée des meilleures pratiques et des normes de l’industrie en matière de conception et de livraison de produits numériques accessibles."
"b9b72ca0-4718-4caf-8e67-d6f32e6b9eef","Application Development Languages and Tools","Technical skills","Programming Languages, Frameworks, and Tools, Software Solutions - Application Development","Demonstrated ability to comfortably use common application development languages (such as Java, JavaScript, Python, C++, C#, SQL)  and have familiarity with additional frameworks and database languages, as needed.","Langages et outils de développement d'applications","Compétences techniques","Langages de programmation, frameworks et outils, Solutions logicielles - développement d'applications","Capacité démontrée à utiliser confortablement les langages de développement d'applications courants (tels que Java, JavaScript, Python, C++, C#, SQL) et à être familiarisé avec des frameworks et des langages de bases de données supplémentaires, si nécessaire."
"839e38b0-17e7-48f5-9f4e-ea7ef5142e9e","Results Mindset","Behavioural skills","Personal Behaviours","Demonstrated ability to focus efforts on achieving quality results that are consistent with the overall vision.","Orienté vers les résultats","Compétences comportementales","Comportements personnels","Capacité démontrée à concentrer ses efforts sur l’obtention de résultats de qualité conformes à la vision globale."
"16ff1fa8-485a-4a37-88f0-db879abd3798","Data Integration","Technical skills","Data Services - Data Systems Operations","Demonstrated ability to select and implement the appropriate technologies to deliver resilient, scalable and future-proofed data solutions as well as ensure that solutions are designed for usability and interoperability and provide value to users.","Intégration des données","Compétences techniques","Services de données - Opérations des systèmes de données","Capacité démontrée à sélectionner et à mettre en œuvre les technologies appropriées pour fournir des solutions de données résilientes, évolutives et à l’épreuve du temps, et à veiller à ce que les solutions soient conçues pour être utilisables et interopérables, et qu’elles apportent une valeur ajoutée aux utilisateurs."
"8a549b76-f1b4-42f9-8c59-9b45534c17d8","Information Architecture Implementation","Technical skills","Information and Data Governance - Information Architecture","Demonstrated ability to apply information architecture conventions and best practices.","Mise en œuvre de l'architecture de l'information","Compétences techniques","Gouvernance de l'information et des données - Architecture de l'information","Habilité démontrée en matière d’application des conventions et des pratiques exemplaires en matière d’architecture de l’information."
"1200f7fd-9b02-4b73-89f1-848dbb787739","Information Architecture Leadership","Technical skills","Information and Data Governance - Information Architecture","Demonstrated ability to lead information architecture initiatives, and understands how they relate to other enterprise architectural domains.","Leadership en matière d'architecture de l'information","Compétences techniques","Gouvernance de l'information et des données - Architecture de l'information","Capacité démontrée à diriger des initiatives en matière d'architecture de l'information et à comprendre leurs liens avec d'autres domaines architecturaux de l'entreprise."
"2e820775-39a6-41ac-bb81-d414b86e1865","IT Project Estimating and Planning Techniques","Technical skills","Digital Project Portfolio Management, IT Planning and Reporting, Digital Business Line Advisory Services","Demonstrated ability to work with clients or technical experts to estimate and plan all components of the IT project lifecycle. This may include scoping for financial, operational, or security requirements and using industry best practices or frequently used methodologies.","Techniques d’estimation et de planification des projets informatiques","Compétences techniques","Gestion de portefeuille de projets numériques, Planification et établissement de rapports en matière de la numérique, Services consultatifs auprès des secteurs de la numérique","Capacité démontrée à travailler avec des clients ou des experts techniques pour estimer et planifier tous les composants du cycle de vie d'un projet informatique. Cela peut inclure la définition des besoins financiers, opérationnels ou de sécurité, ainsi que l'utilisation des meilleures pratiques du secteur ou des méthodologies couramment employées."
"12c7867d-dfbf-41a3-b4f6-5f8e640f5593","Attention to Detail","Behavioural skills","Personal Behaviours","Demonstrated ability to pay close attention to all elements of an activity or product, identify any gaps or incomplete components, find inaccuracies and inconsistencies, and ensure that the task is completed in full according to the requirements.","Souci du détail","Compétences comportementales","Comportements personnels","Capacité démontrée à porter une attention particulière à tous les éléments d’une activité ou d’un produit, à identifier les lacunes ou les composants incomplets, à trouver des inexactitudes et des incohérences, et à s’assurer que la tâche est entièrement accomplie conformément aux exigences."
"b184ee9a-5bcc-47f1-a84b-c635062db250","Courage","Behavioural skills","Personal Behaviours","Demonstrated ability to confront difficult situations without allowing fear to become a barrier.","Courage","Compétences comportementales","Comportements personnels","Capacité démontrée à faire face à des situations difficiles sans laisser la peur devenir un obstacle."
"c4a050c3-1697-4cc1-b236-13e93ec22e89","Design Thinking","Technical skills","Software Solutions - Product Design","Demonstrated ability to design products and services with users always in mind, leveraging best practices and approaches to create clear, user-informed products.","Orienté vers la conception","Compétences techniques","Solutions logicielles - Conception de produits","Capacité démontrée à concevoir des produits et des services en gardant toujours les utilisateurs à l’esprit, en tirant parti des meilleures pratiques et approches pour créer des produits clairs et éclairés par l’utilisateur."
"2f667c86-ce6e-4e07-9fd8-ae18652c6e0e","F# or Visual Basic","Technical skills","Programming Languages, Frameworks, and Tools","Demonstrated ability to apply concrete knowledge of this language to develop a variety of projects.","F# ou Visual Basic","Compétences techniques","Langages de programmation, frameworks et outils","Capacité démontrée à appliquer des connaissances concrètes de cette langue pour développer une variété de projets."
"064b8e88-0c2b-49db-b246-913b8ca47726","Git","Technical skills","Programming Languages, Frameworks, and Tools","Demonstrated ability to apply concrete knowledge of this tool to manage repositories.","Git","Compétences techniques","Langages de programmation, frameworks et outils","Capacité démontrée à appliquer des connaissances concrètes de cet outil pour gérer des référentiels."
"d113e003-8cc1-4bff-be89-6d3fe094661e","Visual Design Software","Technical skills","Programming Languages, Frameworks, and Tools, Software Solutions - Product Design","Demonstrated ability to comfortably use common visual design software tools (such as Adobe suite products, Figma, Canva) and have familiarity with additional tools and mark-up languages, as needed.","Logiciel de conception visuelle","Compétences techniques","Langages de programmation, frameworks et outils, Solutions logicielles - Conception de produits","Capacité démontrée à utiliser confortablement les outils logiciels de conception visuelle courants (tels que les produits de la suite Adobe, Figma, Canva) et à être familiarisé avec des outils supplémentaires et des langages de balisage, si nécessaire."
"c273cfa9-3b41-400e-9bcd-92d035bf8a2b","Web Content Curation","Technical skills","Software Solutions - Web Development","Demonstrated ability to draft original web content, edit existing content, and audit existing content for consistency across multiple web pages and features. This includes being able to produce content in a variety of tones (instructional, conversational, formal, informal) for a variety of audiences. This also includes working with content management systems and establishing processes to ensure quality and consistency across the totality of product.","Curation de contenu web","Compétences techniques","Solutions logicielles - développement web","Capacité démontrée à rédiger du contenu Web original, à modifier du contenu existant et à vérifier la cohérence du contenu existant sur plusieurs pages Web et fonctionnalités. Cela implique d'être capable de produire du contenu dans une variété de tons (instructif, conversationnel, formel, informel) pour une variété de publics. Cela implique également de travailler avec des systèmes de gestion de contenu et d'établir des processus pour garantir la qualité et la cohérence de l'ensemble du produit."
"9f9abe55-6879-474f-96cc-2073d8e05ede","Data Management","Technical skills","Data Services - Data Analytics, Data Services - Data Systems Operations","Demonstrated ability to navigate internal and external systems to access, organize, curate, protect and store data in relation to the organization's data governance structure and data needs.","Gestion des données","Compétences techniques","Services de données - Analyse de données, Services de données - Opérations des systèmes de données","Capacité démontrée à naviguer dans les systèmes internes et externes pour accéder aux données, les organiser, les conserver, les protéger et les stocker en fonction de la structure de gouvernance des données de l’organisation et de ses besoins en la matière."
"36e497ed-1cab-4f2b-a193-c5ea0fb64224","Incremental Procedures Improvement","Technical skills","Access to Information and Privacy","Demonstrated ability to identify and implement improvements to procedures. This may include proposing updates, seeking necessary approvals, and monitoring the impact of changes.","Amélioration progressive des procédures","Compétences techniques","Accès à l’information et de la protection des renseignements personnels","Capacité démontrée à identifier et à mettre en œuvre des améliorations des procédures. Cela peut inclure la proposition de mises à jour, l'obtention des approbations nécessaires et le suivi de l'impact des changements."
"bc56f3ea-f175-4389-901d-58ed8844d102","Intune","Technical skills","Programming Languages, Frameworks, and Tools","Demonstrated ability to apply concrete knowledge of this cloud-based endpoint management solution to a variety of projects.","Intune","Compétences techniques","Langages de programmation, frameworks et outils","Capacité démontrée à appliquer une connaissance concrète de cette solution  infonuagique de gestion des points terminaux à une variété de projets."
"7ad28f3e-dd9c-4e70-91b5-95a41f580c57","Analysis","Behavioural skills","Thinking Skills","Demonstrated ability to collect and utilize qualitative and quantitative data to make decisions.","Analyse","Compétences comportementales","Capacités de raisonnement","Capacité démontrée à recueillir et à utiliser des données qualitatives et quantitatives pour prendre des décisions."
"cd103fb1-4552-4fa9-83ac-4b843821ae61","Usability Testing","Technical skills","Software Solutions - Quality Assurance, Software Solutions - Web Development, Software Solutions - Application Development, Software Solutions - Product Design","Demonstrated ability to assess how users interact with a digital product. This includes conducting user testing, measuring ease of use, and documenting whether or not features and content are producing intended outcomes.","Tests d'utilisation","Compétences techniques","Solutions logicielles - assurance qualité, Solutions logicielles - développement web, Solutions logicielles - développement d'applications, Solutions logicielles - Conception de produits","Capacité démontrée à évaluer la manière dont les utilisateurs interagissent avec un produit numérique. Cela comprend la réalisation de tests utilisateur, la mesure de la facilité d'utilisation et la documentation indiquant si les fonctionnalités et le contenu produisent ou non les résultats escomptés."
"f17066d4-cc3d-40b9-86a0-d492f8c8335b","Microsoft Dynamics","Technical skills","Programming Languages, Frameworks, and Tools","Demonstrated ability to apply concrete knowledge of this software tool to develop a variety of projects.","Microsoft Dynamics","Compétences techniques","Langages de programmation, frameworks et outils","Capacité démontrée à appliquer des connaissances concrètes de cet outil logiciel pour développer une variété de projets."
"e1bdcaa9-2db1-4c94-ba67-48244905c6f5","Cultural, Historical or Archival Knowledge","Technical skills","Access to Information and Privacy","Demonstrated knowledge of approaches to protect and preserve cultural or historical traditions.","Connaissances culturelles, historiques ou archivistiques","Compétences techniques","Accès à l’information et de la protection des renseignements personnels","Connaissance démontrée des approches visant à protéger et à préserver les traditions culturelles ou historiques."
"b6d3bced-74ec-4e4d-ab0d-db60f5b192e6","SharePoint","Technical skills","Programming Languages, Frameworks, and Tools","Demonstrated ability to leverage this document sharing platform to create, edit, and share documents, including being able to establish logical structures for document management and being able to use document permissions functions.","SharePoint","Compétences techniques","Langages de programmation, frameworks et outils","Capacité démontrée à tirer parti de cette plate-forme de partage de documents pour créer, modifier et partager des documents, notamment être capable d'établir des structures logiques pour la gestion des documents et d'être capable d'utiliser les fonctions d'autorisation des documents."
"75e77a55-3c24-48e9-b7c3-d54360ba6428","Technical Writing","Technical skills","IT Infrastructure Operations, Software Solutions - Quality Assurance, Software Solutions - Web Development, IT Security, Digital Project Portfolio Management, IT Planning and Reporting, Cyber Security, Software Solutions - Application Development, Software Solutions - Product Design, Enterprise Architecture, Digital Business Line Advisory Services","Demonstrated ability to produce written products (such as reports, manuals, technical documentation, and corporate planning and reporting) with respect to digital products and services, including the demonstration of specialized knowledge of IT and the ability to present complex technical concepts in accessible, plain language for use by wide audiences.","Rédaction technique","Compétences techniques","Opérations d'infrastructure informatique, Solutions logicielles - assurance qualité, Solutions logicielles - développement web, Sécurité informatique, Gestion de portefeuille de projets numériques, Planification et établissement de rapports en matière de la numérique, Cybersécurité, Solutions logicielles - développement d'applications, Solutions logicielles - Conception de produits, Architecture intégrée, Services consultatifs auprès des secteurs de la numérique","Capacité démontrée à produire des produits écrits (tels que des rapports, des manuels, de la documentation technique, ainsi que des plans et des rapports d'entreprise) en ce qui concerne les produits et services numériques, y compris la démonstration de connaissances spécialisées en informatique et la capacité de présenter des concepts techniques complexes dans un langage simple et accessible, destiné à être utilisé par un large public."
"f0cefa9a-319d-4d51-a07b-2727584acec0","Vue.js","Technical skills","Programming Languages, Frameworks, and Tools","Demonstrated ability to leverage this framework to develop declarative and component-based user interfaces  with HTML, CSS, and JavaScript.","Vue.js","Compétences techniques","Langages de programmation, frameworks et outils","Capacité démontrée à exploiter ce cadre pour développer des interfaces utilisateur déclaratives et basées sur des composants avec HTML, CSS et JavaScript."
"d4d0ea7f-bf65-4120-baa6-fd0574dcca80","Java","Technical skills","Programming Languages, Frameworks, and Tools","Demonstrated ability to apply concrete knowledge of this programming language to develop mobile apps, web apps, desktop apps or games.","Java","Compétences techniques","Langages de programmation, frameworks et outils","Capacité démontrée à appliquer des connaissances concrètes de ce langage de programmation pour développer des applications mobiles, des applications Web, des applications de bureau ou des jeux."
"293d663e-409f-4545-a286-7362cbc4b4bb","jQuery","Technical skills","Programming Languages, Frameworks, and Tools","Demonstrated ability to leverage this JavaScript library to develop a variety of products, such as HTML document traversing and manipulation, browser event handling, CSS animations, and cross-browser JavaScript development.","jQuery","Compétences techniques","Langages de programmation, frameworks et outils","Capacité démontrée à exploiter cette bibliothèque JavaScript pour développer une variété de produits, tels que la traversée et la manipulation de documents HTML, la gestion des événements du navigateur, les animations CSS et le développement JavaScript entre navigateurs."
"ca14713e-b030-434d-af98-cfdf6e99fc89","Entra ID","Technical skills","Programming Languages, Frameworks, and Tools","Demonstrated ability to apply concrete knowledge of this identity and access management service to a variety of projects.","Entra ID","Compétences techniques","Langages de programmation, frameworks et outils","Capacité démontrée à appliquer une connaissance concrète de ce service de gestion des identités et des accès à une variété de projets."
"9009b0c9-736b-4b14-9fe2-bdbe2937c0eb","Executive Leadership of Human Resources","Technical skills","Financial Management, Leadership - Executive Technical Skills","Demonstrated ability at the executive level to manage teams and human resources, including: assigning work, establishing performance objectives and indicators, developing resourcing plans, determining needs and approving training","Leadership exécutif des ressources humaines","Compétences techniques","Gestion financière, Leadership - Compétences techniques des cadres","Capacité démontrée au niveau de la direction à gérer des équipes et des ressources humaines, notamment : attribuer du travail, établir des objectifs et des indicateurs de rendement, élaborer des plans de ressources, déterminer les besoins et approuver la formation."
"94e18cc7-45fa-47d2-b288-ebfa76ec8bf8","API Design","Technical skills","Software Solutions - Web Development, Software Solutions - Application Development","Demonstrated ability to plan and build interfaces for connections between systems to expose data to users and developers.","API Design","Compétences techniques","Solutions logicielles - développement web, Solutions logicielles - développement d'applications","Capacité démontrée à planifier et construire des interfaces pour les connexions entre les systèmes afin d’exposer les données aux utilisateurs et aux développeurs."
"a09269c0-7566-4a88-b2d8-01ebcd07028e","Storytelling","Behavioural skills","Communication Skills","Demonstrated ability to communicate information, success stories, and lessons learned to diverse audiences in a clear, compelling manner.","Communication narrative","Compétences comportementales","Compétences en communication","Capacité démontrée à communiquer des informations, des réussites et des leçons apprises à des publics divers de manière claire et convaincante."
"932214a1-840d-4cd9-a590-37e763f00d3e","JSP","Technical skills","Programming Languages, Frameworks, and Tools","Demonstrated ability to apply concrete knowledge of this Java servlet to develop dynamic web content.","JSP","Compétences techniques","Langages de programmation, frameworks et outils","Capacité démontrée à appliquer des connaissances concrètes de ce servlet Java pour développer du contenu Web dynamique."
"48cb4ada-3989-4acb-ab37-8ae6b08db39b","Digital Product Prototyping","Technical skills","Software Solutions - Product Design","Demonstrated ability to gather requirements and produce low-fidelity prototypes, such as wireframes and feature sketches. This includes the ability to use this low-fidelity prototype to simulate product use, test with users, and improve elements prior to advancing the prototype to the development phase.","Prototypage numérique de produits","Compétences techniques","Solutions logicielles - Conception de produits","Capacité démontrée à recueillir les exigences et à produire des prototypes basse fidélité, tels que des wireframes et des croquis de fonctionnalités. Cela inclut la possibilité d'utiliser ce prototype basse fidélité pour simuler l'utilisation du produit, tester avec les utilisateurs et améliorer les éléments avant de faire passer le prototype à la phase de développement."
"c5860df4-1b0b-489d-b1ce-855b0a6ea483","Data Modelling, Cleaning and Enrichment","Technical skills","Financial Management, Data Services - Data Analytics, Data Services - Data Systems Operations","Demonstrated ability to explain the concepts and principles of data modelling as well as produce, maintain, and update relevant data models for an organisation’s specific needs and reverse-engineer data models from a live system.","Modélisation, nettoyage et enrichissement des données","Compétences techniques","Gestion financière, Services de données - Analyse de données, Services de données - Opérations des systèmes de données","Capacité démontrée à expliquer les concepts et les principes de la modélisation des données ainsi qu’à produire, maintenir et mettre à jour des modèles de données pertinents pour les besoins spécifiques d’une organisation et à faire de la rétro-ingénierie de modèles de données à partir d’un système réel."
"5076c56a-9e48-4474-b1f8-c78febb92f18","Deep Learning and Neural Networks","Technical skills","Data Services - Data Science","Demonstrated ability to develop and program interconnected nodes (neurons) in a layered structure to recognize data patterns of pictures, images, texts and sounds to produce accurate insights and predictions to feed and train models, make predictions and render judgments to propose recommendations and make decisions.","Apprentissage profond et réseaux neuronaux","Compétences techniques","Services de données - Science des données","Capacité démontrée à développer et à programmer des nœuds interconnectés (neurones) dans une structure en couches pour reconnaître des modèles de données d'images, de textes et de sons afin de produire des informations et des prédictions précises pour alimenter et former des modèles, faire des prédictions et rendre des jugements afin de proposer des recommandations et de prendre des décisions."
"63c6761f-0954-4ade-b402-23c449a26169","Data Troubleshooting and Problem Resolution","Technical skills","Data Services - Data Analytics, Data Services - Data Systems Operations","Demonstrated ability to troubleshoot and identify solutions to respond to problems in databases, data processes and data products as well as leverage diagnostic and monitoring tools to resolve problems and implement preventative measures to mitigate future problems.","Dépannage et résolution des problèmes de données","Compétences techniques","Services de données - Analyse de données, Services de données - Opérations des systèmes de données","Capacité démontrée à dépanner et à identifier des solutions pour répondre aux problèmes dans les bases de données, les processus de données et les produits de données, ainsi qu’à utiliser des outils de diagnostic et de suivi pour résoudre les problèmes et mettre en œuvre des mesures préventives afin d’atténuer les problèmes futurs."
"bc9337f4-7562-4805-83d2-f7d9ffb88a61","Empathy","Behavioural skills","Personal Behaviours","Demonstrated willingness to understand the feelings and viewpoints of others. This includes making an effort to gain insights into the perspectives of others, being sensitive to the feelings of others, and taking this information into account when designing or delivering products and services.","Empathie","Compétences comportementales","Comportements personnels","Volonté démontrée de comprendre les sentiments et les points de vue des autres. Il s’agit notamment de s’efforcer de mieux comprendre les points de vue des autres, d’être sensible aux sentiments des autres et de tenir compte de ces informations lors de la conception ou de la livraison de produits et de services."
"1436f697-05bf-4779-83eb-fe3a8c73f3e4","Application Architecture","Technical skills","Enterprise Architecture","Demonstrated ability to use, architect with or operate technologies in an enterprise such as identity services, programming languages, operating systems or enterprise resource planning applications.","Architecture d’application","Compétences techniques","Architecture intégrée","Capacité avérée d’utiliser, d’utiliser ou d’exploiter des technologies dans une entreprise, telles que des services d’identité, des langages de programmation, des systèmes d’exploitation ou des applications de planification des ressources de l’entreprise."
"c7bb3643-c200-4312-ad20-df5f0d176091","Resilience","Behavioural skills","Personal Behaviours","Demonstrated ability to quickly recover from significant or sustained adversity, challenges, or change.","Résilience","Compétences comportementales","Comportements personnels","Capacité démontrée à se remettre rapidement d’une adversité, de défis ou d’un changement importants ou soutenus."
"ae68f37c-96a4-43a2-b834-de26d84f794d","IT Security Principles, Methods, and Policies","Technical skills","IT Security","Demonstrated ability to apply IT security practices, standards, technologies or solutions to protect digital assets.","Principes, méthodes et politiques de sécurité des TI","Compétences techniques","Sécurité informatique","Capacité avérée à appliquer des pratiques, des normes, des technologies ou des solutions de sécurité informatique pour protéger les ressources numériques."
"6f45eede-96a5-4a17-8704-2aef8ecbec19","AWS ECR","Technical skills","Programming Languages, Frameworks, and Tools","Demonstrated ability to leverage this Docker container registry to store, share, and deploy container images.","AWS ECR","Compétences techniques","Langages de programmation, frameworks et outils","Capacité démontrée à exploiter ce registre de conteneurs Docker pour stocker, partager et déployer des images de conteneurs."
"bf4ba900-ebec-487c-9bf4-df771dd90ccf","AWS S3","Technical skills","Programming Languages, Frameworks, and Tools","Demonstrated ability to leverage this cloud object storage service, including setting up storage management features and security permissions.","AWS S3","Compétences techniques","Langages de programmation, frameworks et outils","Capacité démontrée à exploiter ce service de stockage d'objets cloud, y compris la configuration des fonctionnalités de gestion du stockage et des autorisations de sécurité."
"c96d106f-9a13-4498-9936-744e84c8e6bd","Azure Pipelines","Technical skills","Programming Languages, Frameworks, and Tools","Demonstrated ability to leverage this cloud-hosted pipeline service to support content, containers or applications developed for Linux, Windows or MacOS.","Azure Pipelines","Compétences techniques","Langages de programmation, frameworks et outils","Capacité démontrée à exploiter ce service de pipeline hébergé dans le cloud pour prendre en charge du contenu, des conteneurs ou des applications développés pour Linux, Windows ou MacOS."
"87a7b957-74e4-45be-a876-0716d800aa64","IT Architecture","Technical skills","Enterprise Architecture","Demonstrated ability to apply architecture theories, principles, concepts, practices, methodologies and frameworks to IT solutions.","Architecture informatique","Compétences techniques","Architecture intégrée","Capacité démontrée à appliquer les théories, les principes, les concepts, les pratiques, les méthodologies et les cadres d'applications aux solutions informatiques."
"e481f6ae-569a-47ea-b1a5-ab354269b8ed","Executive Leadership of Financial Resources","Technical skills","Financial Management, Leadership - Executive Technical Skills","Demonstrated ability at the executive level to manage financial resources, including: holding financial delegation for a budget, forecasting, planning, budget allocation, and/or reporting.","Leadership exécutif des ressources financières","Compétences techniques","Gestion financière, Leadership - Compétences techniques des cadres","Capacité démontrée au niveau de la direction à gérer des ressources financières, notamment : détenir une délégation financière pour un budget, faire des prévisions, planifier, allouer un budget et/ou produire des rapports."
"ac94cf9a-2627-42fe-bd57-ccad6e45c601","Organizational Reporting","Technical skills","Information and Data Governance - Strategy and Direction, Information and Data Governance - Information Architecture, IT Planning and Reporting","Demonstrated ability to support or lead the preparation, analysis, and/or communication of financial and non-financial information reporting as required by organizational policy and timelines.","Rapports organisationnels","Compétences techniques","Gouvernance de l'information et des données - Stratégie et orientation, Gouvernance de l'information et des données - Architecture de l'information, Planification et établissement de rapports en matière de la numérique","Capacité démontrée à soutenir ou à diriger la préparation, l'analyse et/ou la communication d'informations financières et non financières conformément à la politique et aux délais de l'organisation."
"0082e9b5-7483-4d5f-b129-5da7a839ed47","Enterprise Information Technology Architecture","Technical skills","IT Infrastructure Operations, Enterprise Architecture","Demonstrated ability to describe and document guidelines for acquiring, building, or modifying an organization's IT resources.","Architecture des technologies de l’information de l’entreprise","Compétences techniques","Opérations d'infrastructure informatique, Architecture intégrée","Capacité démontrée à décrire et à documenter les lignes directrices pour l’acquisition, la création ou la modification des ressources informatiques d’une organisation."
"5483d8a0-99ef-47b1-8d43-8b6bc1278fa5","Python","Technical skills","Programming Languages, Frameworks, and Tools, Financial Management","Demonstrated ability to apply concrete knowledge of this programming language to develop a variety of projects.","Python","Compétences techniques","Langages de programmation, frameworks et outils, Gestion financière","Capacité démontrée à appliquer des connaissances concrètes de ce langage de programmation pour développer une variété de projets."
"511f3dca-625b-4cb7-937b-5915a739645a","Data Engineering and Manipulation","Technical skills","Data Services - Data Science","Demonstrated ability to construct the infrastructure to ensure uninterrupted data flows between servers and applications and develop and maintain the architecture used in machine learning modelling.","Ingénierie et manipulation des données","Compétences techniques","Services de données - Science des données","Capacité démontrée à construire l'infrastructure nécessaire pour garantir des flux de données ininterrompus entre les serveurs et les applications, et à développer et maintenir l'architecture utilisée dans la modélisation de l'apprentissage automatique."
"b138366e-2269-4eab-96dd-060c301f9a2e","Applied Mathematics and Statistics","Technical skills","Data Services - Data Science","Demonstrated ability to apply designated quantitative techniques such as time series analysis, optimization and simulation to create and embed appropriate models for analysis, prediction and machine learning.","Mathématiques appliquées et statistiques","Compétences techniques","Services de données - Science des données","Capacité démontrée à appliquer les techniques quantitatives désignées telles que l'analyse des séries chronologiques, l'optimisation et la simulation pour créer et intégrer des modèles appropriés pour l'analyse, la prédiction et l'apprentissage automatique."
"64657e15-7a26-44c0-b642-45986bbd9915","Data Analysis and Synthesis","Technical skills","Data Services - Data Analytics, Data Services - Data Systems Operations","Demonstrated ability to prepare data for usage using basic techniques for analyzing data and synthesizing findings to enable informed decision-making as well as evaluate decisions based on data and present clear takeaways that colleagues can readily understand and utilize.","Analyse et synthèse des données","Compétences techniques","Services de données - Analyse de données, Services de données - Opérations des systèmes de données","Capacité démontrée à préparer des données en vue de leur utilisation en appliquant des techniques de base pour l’analyse des données et la synthèse des résultats afin de permettre une prise de décisions éclairée, ainsi qu’à évaluer les décisions fondées sur les données et à présenter des conclusions claires que les collègues peuvent facilement comprendre et utiliser."
"c6e17272-058d-413c-8be1-3425d6865053","Data Communication","Technical skills","Data Services - Data Analytics, Data Services - Data Systems Operations","Demonstrated ability to communicate technical information in a clear and concise manner to both technical and non-technical stakeholders as well as support and host discussions within a multidisciplinary team, incorporate stakeholder feedback and encourage interaction to enhance the data communication process.","Communication de données","Compétences techniques","Services de données - Analyse de données, Services de données - Opérations des systèmes de données","Capacité démontrée à communiquer des informations techniques de manière claire et concise aux parties prenantes techniques et non techniques, ainsi qu’à appuyer et à animer des discussions au sein d’une équipe pluridisciplinaire, à intégrer la rétroaction des parties prenantes et à encourager une interaction avec ceux-ci et les membres de l’équipe afin d’améliorer le processus de communication des données."
"5cfd9562-0110-405f-84bd-c6a2717f36a3","Data Product and Service Development","Technical skills","Data Services - Data Systems Operations","Demonstrated ability to design, build and test data systems and products using project management principles and practices as well as contribute to well-rounded teams to complete projects, ensuring the effective management of resources throughout.","Élaboration de produits et de services de données","Compétences techniques","Services de données - Opérations des systèmes de données","Capacité démontrée à concevoir, construire et tester des systèmes de données et des produits en utilisant des principes et des pratiques de gestion de projets, ainsi qu’à contribuer à des équipes bien rodées pour mener à bien des projets, en veillant à une gestion efficace des ressources tout au long du processus."
"671ce86e-2a2e-4c10-836e-a55bba861dc0","Cyber Operations Security","Technical skills","Cyber Security","Demonstrated ability to manage, implement, and support cyber security technologies to protect business assets.","Sécurité des cyberopérations","Compétences techniques","Cybersécurité","Capacité démontrée à gérer, mettre en œuvre et soutenir les technologies de cybersécurité pour protéger les actifs de l'entreprise."
"ee33d357-aa8c-4733-841c-b9227b498b39","Machine Learning Modeling","Technical skills","Data Services - Data Science","Demonstrated ability to leverage appropriate algorithms and data to build machine learning models that can identify patterns, anticipate outcomes, support decision-making, and learn from experience.","Modélisation de l'apprentissage automatique","Compétences techniques","Services de données - Science des données","Capacité démontrée à tirer parti d'algorithmes et de données appropriés pour créer des modèles d'apprentissage automatique capables d'identifier des tendances, d'anticiper des résultats, d'aider à la prise de décision et d'apprendre de l'expérience."
"175b4fcf-6379-4f85-ba16-292da5ad5f23",".NET Programming","Technical skills","Programming Languages, Frameworks, and Tools","Demonstrated ability to apply concrete knowledge of this language to develop a variety of projects.","Programmation .NET","Compétences techniques","Langages de programmation, frameworks et outils","Capacité démontrée à appliquer des connaissances concrètes de cette langue pour développer une variété de projets."
"69f66594-2e35-4abe-9fc1-cb98f579260d","Adobe XD","Technical skills","Programming Languages, Frameworks, and Tools","Demonstrated ability to apply concrete knowledge of this product to develop a variety of projects.","Adobe XD","Compétences techniques","Langages de programmation, frameworks et outils","Capacité démontrée à appliquer des connaissances concrètes de ce produit pour développer une variété de projets."
"efdbb37e-794d-4fa1-83a4-7230bdde8f3d","AWS CodeBuild","Technical skills","Programming Languages, Frameworks, and Tools","Demonstrated ability to  set up code builds in preconfigured build environments, including establishing encryption solutions for artifacts.","AWS CodeBuild","Compétences techniques","Langages de programmation, frameworks et outils","Capacité démontrée à configurer des builds de code dans des environnements de build préconfigurés, y compris la mise en place de solutions de chiffrement pour les artefacts."
"05298f8f-8f7d-4fa9-ba34-f8dfe32e8826","AWS CodePipeline","Technical skills","Programming Languages, Frameworks, and Tools","Demonstrated apply to leverage this service to develop software modeling, visualization and automations.","AWS CodePipeline","Compétences techniques","Langages de programmation, frameworks et outils","Démontrer l’application pour tirer parti de ce service pour développer des logiciels de modélisation, de visualisation et d’automatisation."
"cc757f21-7d7b-4e81-afbe-dc824b9befdf","asp.net","Technical skills","Programming Languages, Frameworks, and Tools","Demonstrated ability to apply concrete knowledge of this framework to develop a variety of applications.","asp.net","Compétences techniques","Langages de programmation, frameworks et outils","Capacité démontrée à appliquer des connaissances concrètes de ce cadre pour développer une variété d’applications."
"804e2349-7c5e-40d4-a7a6-5085f9a4b533","Angular","Technical skills","Programming Languages, Frameworks, and Tools","Demonstrated ability to apply concrete knowledge of this framework to develop a variety of web applications.","Angular","Compétences techniques","Langages de programmation, frameworks et outils","Capacité démontrée à appliquer des connaissances concrètes de ce cadre pour développer une variété d’applications Web."
"4ba64270-bb52-4208-8db7-266e2e20cb1d","Apache","Technical skills","Programming Languages, Frameworks, and Tools","Demonstrated ability to apply concrete knowledge of this server to support a variety of projects and needs.","Apache","Compétences techniques","Langages de programmation, frameworks et outils","Capacité démontrée à appliquer des connaissances concrètes de ce serveur pour soutenir une variété de projets et de besoins."
"c939dd49-f0c0-44b6-a32f-da9478e06eb5","AWS EC2","Technical skills","Programming Languages, Frameworks, and Tools","Demonstrated ability to leverage the AWS cloud computing service to launch and configure virtual servers, including setting up security, networking and storage management.","AWS EC2","Compétences techniques","Langages de programmation, frameworks et outils","Capacité démontrée à tirer parti du service de cloud computing AWS pour lancer et configurer des serveurs virtuels, y compris la mise en place de la sécurité, de la mise en réseau et de la gestion du stockage."
"0c0d3aca-7f16-4f96-b6fa-a8828bec8f80","C#","Technical skills","Programming Languages, Frameworks, and Tools","Demonstrated ability to apply concrete knowledge of this language to develop a variety of projects.","C#","Compétences techniques","Langages de programmation, frameworks et outils","Capacité démontrée à appliquer des connaissances concrètes de cette langue pour développer une variété de projets."
"99459059-7741-4115-888f-cefa566210b4","GBA+","Technical skills","Working in Government","Demonstrated knowledge of approaches for advancing equality in Canada, including the ability to use gender theory, antiracism, and intersectional analysis to identify systemic inequalities in policies, programs, and initiatives.","GBA+","Compétences techniques","Travailler au sein du gouvernement","Connaissance avérée des approches visant à faire progresser l’égalité au Canada, y compris la capacité d’utiliser la théorie du genre, l’antiracisme et l’analyse intersectionnelle pour identifier les inégalités systémiques dans les politiques, les programmes et les initiatives."
"3a2b868d-0656-4193-92d2-4f5f7c32db86","AWS Lambda","Technical skills","Programming Languages, Frameworks, and Tools","Demonstrated ability to leverage this event-driven service to run code without servers.","AWS Lambda","Compétences techniques","Langages de programmation, frameworks et outils","Capacité démontrée à exploiter ce service basé sur les événements pour exécuter du code sans serveurs."
"9ae8fc25-87e8-4c75-b4c9-d454cfbeec39","AWS RDS","Technical skills","Programming Languages, Frameworks, and Tools","Demonstrated ability to leverage this service to set up, operate, and scale relational databases in cloud-based environments.","AWS RDS","Compétences techniques","Langages de programmation, frameworks et outils","Capacité démontrée à tirer parti de ce service pour configurer, exploiter et faire évoluer des bases de données relationnelles dans des environnements cloud."
"766cfc1d-e8ec-4b04-941f-391b62a428ba","Azure Blob Storage","Technical skills","Programming Languages, Frameworks, and Tools","Demonstrated ability to leverage this cloud computing platform to support a variety of projects.","Azure Blob Storage","Compétences techniques","Langages de programmation, frameworks et outils","Capacité démontrée à exploiter cette plate-forme de cloud computing pour prendre en charge une variété de projets."
"87bf3b23-cc86-4bd0-8d43-380625f1c1a1","Azure Container Registry","Technical skills","Programming Languages, Frameworks, and Tools","Demonstrated ability to work with this container registry to scan, build, store, secure,  and manage container images and OCI artifacts.","Azure Container Registry","Compétences techniques","Langages de programmation, frameworks et outils","Capacité démontrée à travailler avec ce registre de conteneurs pour analyser, créer, stocker, sécuriser et gérer des images de conteneurs et des artefacts OCI."
"988c126d-a6ac-4b19-ae3b-e97b072d2aa7","Big Data Analytics","Technical skills","Data Services - Data Science","Demonstrated ability to use big data tools such as SparkSQL, Apache Flink, Cloud platforms, to query, manipulate and analyze large data sets, to extract meaningful insights.","Analyse des données massives","Compétences techniques","Services de données - Science des données","Capacité démontrée à utiliser des outils de big data tels que SparkSQL, Apache Flink, des plateformes Cloud, pour interroger, manipuler et analyser de grands ensembles de données, afin d'en extraire des informations significatives."
"0c102718-0521-4469-93d5-424ad78f99b8","Application Development","Technical skills","Software Solutions - Application Development","Demonstrated ability to design, build, and deploy application software using programming languages and tools.","Développement d’application","Compétences techniques","Solutions logicielles - développement d'applications","Capacité démontrée à concevoir, construire et déployer des logiciels d’application à l’aide de langages et d’outils de programmation."
"b711dc89-2d3a-4452-b26b-068c4f91c4f1","Structured Query Language (SQL)","Technical skills","Programming Languages, Frameworks, and Tools, Financial Management","Demonstrated ability to apply concrete knowledge of this language to store, manipulate, and retrieve data from database systems such as MySQL, SQL Server, MS Access, Oracle, Sybase, Informix, Postgres.","Langage de requête structurée (SQL)","Compétences techniques","Langages de programmation, frameworks et outils, Gestion financière","Capacité démontrée à appliquer des connaissances concrètes de ce langage pour stocker, manipuler et récupérer des données à partir de systèmes de bases de données tels que MySQL, SQL Server, MS Access, Oracle, Sybase, Informix, Postgres."
"f13292a6-9ddb-45b2-83f3-64d300f247a6","MongoDB","Technical skills","Programming Languages, Frameworks, and Tools","Demonstrated ability to apply concrete knowledge of this database program to develop a variety of projects.","MongoDB","Compétences techniques","Langages de programmation, frameworks et outils","Capacité démontrée à appliquer des connaissances concrètes de ce programme de base de données pour développer une variété de projets."
"281ed0e7-019f-4201-bb1c-3d3f8e25fc42","MySQL","Technical skills","Programming Languages, Frameworks, and Tools","Demonstrated ability to apply concrete knowledge of this database software to develop a variety of projects.","MySQL","Compétences techniques","Langages de programmation, frameworks et outils","Capacité démontrée à appliquer des connaissances concrètes de ce logiciel de base de données pour développer une variété de projets."
"49ddc059-793f-428a-8b90-f74f76ca59cf","nginx","Technical skills","Programming Languages, Frameworks, and Tools","Demonstrated ability to use this software to support web serving, reverse proxying, caching, and load balancing.","nginx","Compétences techniques","Langages de programmation, frameworks et outils","Capacité démontrée à utiliser ce logiciel pour prendre en charge le service Web, le proxy inverse, la mise en cache et l'équilibrage de charge."
"dd9aadef-b4a2-44a2-b7e9-b0641a991fd2","NodeJS","Technical skills","Programming Languages, Frameworks, and Tools","Demonstrated ability to leverage this JavaScript runtime environment to develop a variety of projects.","NodeJS","Compétences techniques","Langages de programmation, frameworks et outils","Capacité démontrée à exploiter cet environnement d’exécution JavaScript pour développer une variété de projets."
"77af9276-2dbc-4aee-916c-e69929f77657","PHP","Technical skills","Programming Languages, Frameworks, and Tools","Demonstrated ability to apply concrete knowledge of this language to develop a variety of projects.","PHP","Compétences techniques","Langages de programmation, frameworks et outils","Capacité démontrée à appliquer des connaissances concrètes de ce langage pour développer une variété de projets."
"5901d5de-952c-431e-b2bb-e6bde46e074c","PostgreSQL","Technical skills","Programming Languages, Frameworks, and Tools","Demonstrated ability to use this object-relational database system to support the development of a variety of projects.","PostgreSQL","Compétences techniques","Langages de programmation, frameworks et outils","Capacité démontrée à utiliser ce système de base de données objet-relationnelle pour soutenir le développement d'une variété de projets."
"c1cc88fb-0132-4e6f-a352-4d627c734861","React","Technical skills","Programming Languages, Frameworks, and Tools","Demonstrated ability to leverage this JavaScript library to develop a variety of projects.","React","Compétences techniques","Langages de programmation, frameworks et outils","Capacité démontrée à exploiter cette bibliothèque JavaScript pour développer une variété de projets."
"872af8a4-7289-41e4-b8fb-59e4fe801320","R","Technical skills","Programming Languages, Frameworks, and Tools, Financial Management","Demonstrated ability to apply concrete knowledge of this programming language to generate statistical computing and data visualization.","R","Compétences techniques","Langages de programmation, frameworks et outils, Gestion financière","Capacité démontrée à appliquer des connaissances concrètes de ce langage de programmation pour générer du calcul statistique et la visualisation de données."
"057e8f1b-ca37-4ce7-aea1-901881fb6939","Ruby on Rails","Technical skills","Programming Languages, Frameworks, and Tools","Demonstrated ability to leverage this full-stack framework to develop a variety of database-backed web applications.","Ruby on Rails","Compétences techniques","Langages de programmation, frameworks et outils","Capacité démontrée à exploiter ce framework full-stack pour développer une variété d’applications Web basées sur des bases de données."
"c17bc1d9-54b4-4b89-8a53-3d250f71ca2c","Sass","Technical skills","Programming Languages, Frameworks, and Tools","Demonstrated ability to apply concrete knowledge of this CSS extension scripting language to develop a variety of projects.","Sass","Compétences techniques","Langages de programmation, frameworks et outils","Capacité démontrée à appliquer des connaissances concrètes de ce langage de script d’extension CSS pour développer une variété de projets."
"97e079e1-fd03-481c-90da-f75910c7df5e","Transact-SQL (T-SQL)","Technical skills","Programming Languages, Frameworks, and Tools","Demonstrated ability to leverage this SQL expansion programming language to manage and manipulate databases.","Transact-SQL (T-SQL)","Compétences techniques","Langages de programmation, frameworks et outils","Capacité démontrée à exploiter ce langage de programmation d’expansion SQL pour gérer et manipuler des bases de données."
"e9cfb705-abc6-46bf-b7e1-4c1323105a91","Business Analysis - IT Operations","Technical skills","IT Planning and Reporting, Digital Business Line Advisory Services","Demonstrated ability to analyze business requirements and map them to the appropriate IT services required.","Analyse d'affaires - Opérations informatiques","Compétences techniques","Planification et établissement de rapports en matière de la numérique, Services consultatifs auprès des secteurs de la numérique","Capacité démontrée d’analyser les besoins opérationnels et de les mettre en correspondance avec les services informatiques appropriés."
"882c50b3-c56c-4772-8edc-dc56b014ef18","Automated testing","Technical skills","Software Solutions - Quality Assurance, Software Solutions - Application Development","Demonstrated ability to run tests on products using automation tools to compare actual outcomes with intended results.","Tests automatisés","Compétences techniques","Solutions logicielles - assurance qualité, Solutions logicielles - développement d'applications","Capacité démontrée à effectuer des tests sur des produits à l’aide d’outils d’automatisation pour comparer les résultats réels aux résultats escomptés."
"60641b25-9fca-4d04-9158-a3b764aecf0b","Virtualisation Systems","Technical skills","Enterprise Architecture","Demonstrated ability to design, deploy or manage virtualized environments that maximize the use of physical hardware by creating virtual instances. This includes allocating resources such as CPU, memory and storage to virtual environments and ensuring optimal system performance and scalability. This may include configuring and maintaining hypervisors, such as VMware vSphere, Microsoft Hyper-V, or Kernel-based Virtual Machine (KVM).","Systèmes de virtualisation","Compétences techniques","Architecture intégrée","Capacité démontrée à concevoir, déployer ou gérer des environnements virtualisés qui optimisent l’utilisation de matériel physique en créant des environnements virtuels. Il s’agit notamment d’allouer des ressources aux environnements virtuels, telles que l’unité centrale, la mémoire et le stockage, et d’optimiser la performance et l’évolutivité du système. Cela peut inclure la configuration et la maintenance de hyperviseurs tels que VMware vSphere, Microsoft Hyper-V ou Kernel-based Virtual Machine (KVM)."
"90ebeab7-fd08-4190-b529-b9fc5626eecc","Data Cleaning","Technical skills","Software Solutions - Quality Assurance, Information and Data Governance - Operations, Software Solutions - Web Development, Software Solutions - Application Development","Demonstrated ability to inspect, cleanse, and transform data to prepare it for analysis.","Nettoyage des données","Compétences techniques","Solutions logicielles - assurance qualité, Gouvernance de l'information et des données - Opérations, Solutions logicielles - développement web, Solutions logicielles - développement d'applications","Capacité démontrée d’inspecter, de nettoyer et de transformer des données pour les préparer à l’analyse."
"3b5a408f-0159-41fd-8b87-6af7f1e0b95f","Data Interoperability","Technical skills","Database Management","Demonstrated ability to ensure that different devices, applications, or components can connect and exchange data.","Interopérabilité des données","Compétences techniques","Gestion des bases de données","Capacité démontrée à s’assurer que différents appareils, applications ou composants peuvent se connecter et échanger des données."
"bce25f89-d748-4f65-85eb-4c6f03f3f6ff","Network Architecture","Technical skills","Enterprise Architecture","Demonstrated ability to develop and define the overall framework for networking by structuring, organizing, and/or implementing networking components and their interactions within an IT environment.","Architecture de réseau","Compétences techniques","Architecture intégrée","Capacité démontrée à développer et définir le cadre général pour le réseau en structurant, organisant et/ou mettant en œuvre les composants de réseau et leurs interactions au sein d'un environnement informatique."
"fcb45bf1-ab59-4bcf-83cc-d0dcb14083a8","Functional Testing","Technical skills","Software Solutions - Quality Assurance, Software Solutions - Web Development, Software Solutions - Application Development","Demonstrated ability to assess the functionality of applications to see if they meet specified requirements.","Tests fonctionnels","Compétences techniques","Solutions logicielles - assurance qualité, Solutions logicielles - développement web, Solutions logicielles - développement d'applications","Capacité démontrée d’évaluer la fonctionnalité des applications pour voir si elles répondent à des exigences spécifiées."
"50f82a07-2491-444a-a29e-636a74c39c1d","Information Technology Systems and Solutions","Technical skills","Enterprise Architecture","Demonstrated ability to apply best practices in the design, development, and support of computer-based information systems and products.","Systèmes et solutions de technologies de l’information","Compétences techniques","Architecture intégrée","Capacité démontrée à appliquer les pratiques exemplaires en matière de conception, l’élaboration et le soutien des systèmes et produits d’information informatisés."
"b3325b7e-b7d8-4d28-b50d-820d4dde57f2","Mobile Application Architecture","Technical skills","Enterprise Architecture","Demonstrated ability to describe and document the patterns and techniques used to build an application for mobile devices.","Architecture des applications mobiles","Compétences techniques","Architecture intégrée","Capacité démontrée à décrire et documenter les modèles et les techniques utilisés pour créer une application pour appareils mobiles."
"cdba0fe7-434d-44ed-9e79-3d2aa5c3e86d","Data Analysis","Technical skills","Database Management, Information and Data Governance - Operations, Financial Management","Demonstrated ability to use data to discover useful information, inform conclusions, and support decision-making.","Analyse des données","Compétences techniques","Gestion des bases de données, Gouvernance de l'information et des données - Opérations, Gestion financière","Capacité démontrée à utiliser les données pour découvrir des informations utiles, éclairer les conclusions et soutenir la prise de décisions."
"70b6a091-fe01-4339-8692-460b85fe4629","Version Control","Technical skills","Software Solutions - Quality Assurance, Software Solutions - Application Development","Demonstrated ability to track and manage changes to software code throughout the life cycle of a product.","Contrôle de la version","Compétences techniques","Solutions logicielles - assurance qualité, Solutions logicielles - développement d'applications","Capacité démontrée à suivre et à gérer les modifications apportées au code logiciel tout au long du cycle de vie d'un produit."
"b22828cd-66a9-45aa-a2bc-ec0737232807","Systems Interoperability","Technical skills","Enterprise Architecture","Demonstrated ability to ensure different devices, applications, or components can connect and exchange data.","Interopérabilité des systèmes","Compétences techniques","Architecture intégrée","Capacité démontrée à garantir que différents appareils, applications ou composants peuvent se connecter et échanger des données."
"69aae18b-9569-4811-8073-09921367d3e6","Cloud Architecture","Technical skills","Enterprise Architecture","Demonstrated ability to develop and implement scalable and secure cloud solutions through one or more of the following: architecting cloud services, managing compute and storage resources, configuring networking components, and/or ensuring high availability and disaster recovery in alignment with organizational needs.","Architecture infonuagique","Compétences techniques","Architecture intégrée","Capacité démontrée à développer et à mettre en œuvre des solutions nuage évolutives et sécurisées à travers l'un ou plusieurs des aspects suivants : l'architecture de services infonuagiques, la gestion des ressources de calcul et de stockage, la configuration des composants réseau, et/ou l'assurance de haute disponibilité et de la récupération après sinistre en alignement avec les besoins de l'organisation."
"d43bcf05-7110-40b1-982c-562066f4c0c7","Web Development","Technical skills","Software Solutions - Web Development","Demonstrated ability to build web applications using JavaScript and a server-side language such as, but not limited to, PHP or Python.","Développement Web","Compétences techniques","Solutions logicielles - développement web","Capacité démontrée à créer des applications Web à l'aide de JavaScript et d'un langage côté serveur tel que, sans toutefois s'y limiter, PHP ou Python."
"77d61456-d80f-4dee-b0a2-9117287bef90","Enhanced Management Framework for IT Projects","Technical skills","Digital Business Line Advisory Services","","Cadre amélioré de gestion des projets informatiques","Compétences techniques","Services consultatifs auprès des secteurs de la numérique",""
"6f388100-df39-4498-be9a-f2b0dad84597","Data Security and Recovery","Technical skills","Database Management","Demonstrated ability to protect databases from damage and intrusion while ensuring they are able to recovery quickly in the event of a failure.","Sécurité et récupération des données","Compétences techniques","Gestion des bases de données","Capacité démontrée à protéger les bases de données contre les dommages et les intrusions tout en veillant à ce qu’elles puissent être récupérées rapidement en cas de défaillance."
"803971a8-a5d6-4faa-a0ca-71c6cdf85452","Database Programming Tools","Technical skills","Database Management, Programming Languages, Frameworks, and Tools","Demonstrated ability to use and work in data programming tools such as SQL, NSQL, Excel, or other ETL (extract, transform, load) tools.","Outils de programmation de bases de données","Compétences techniques","Gestion des bases de données, Langages de programmation, frameworks et outils","Capacité démontrée à utiliser et à travailler avec des outils de programmation de données tels que SQL, NSQL, Excel ou d’autres outils ETL (extraction, transformation, chargement)."
"797c7f02-5304-4df9-9034-4216d9da1727","Integrating GC Digital Standards into Technical Advice","Technical skills","IT Planning and Reporting","Demonstrated ability to align recommendations and guidance with the principles outlined in the Government of Canada's Digital Standards when providing strategic advice to stakeholders.","Intégration des normes numériques du GC aux conseils techniques","Compétences techniques","Planification et établissement de rapports en matière de la numérique","Capacité démontrée d’harmoniser les recommandations et les orientations sur les principes énoncés dans les normes relatives au numérique du gouvernement du Canada (GC) au moment de prodiguer des conseils stratégiques aux intervenants."
"8a634b11-200d-425f-89b0-45e278b806e5","Database Trends and Directions","Technical skills","Database Management","Demonstrated knowledge of modern standards, tools, and best practices in database design and management, as well as demonstrated understanding of anticipated future industry evolutions.","Tendances et orientations en matière de bases de données","Compétences techniques","Gestion des bases de données","Connaissance avérée des normes, des outils et des meilleures pratiques modernes en matière de conception et de gestion de bases de données, ainsi que compréhension démontrée des évolutions futures prévues de l’industrie."
"808427b5-03d1-44c8-b53d-d7ba45ce76f2","IT Change Management","Technical skills","Digital Business Line Advisory Services","Demonstrated ability to review and plan proposed changes to IT systems or services, with minimal disruptions to IT services when they're implemented.","Gestion des changements informatiques","Compétences techniques","Services consultatifs auprès des secteurs de la numérique","Capacité démontrée d’examiner et de planifier les changements proposés aux systèmes ou services informatiques, avec un minimum d’interruptions des services informatiques lorsqu’ils sont mis en œuvre."
"d5b45556-b8a4-4e53-a3a7-b011829a78a2","Government of Canada IT Policies and Standards","Technical skills","IT Infrastructure Operations, IT Security, IT Planning and Reporting, Enterprise Architecture, Digital Business Line Advisory Services","Demonstrated knowledge of Government of Canada requirements related to the successful and secure operation of government IT systems and services to Canadians. This includes the ability to apply knowledge of IT policies and standards to live operations.","Politiques et normes du gouvernement du Canada en matière de TI","Compétences techniques","Opérations d'infrastructure informatique, Sécurité informatique, Planification et établissement de rapports en matière de la numérique, Architecture intégrée, Services consultatifs auprès des secteurs de la numérique","Connaissance démontrée des exigences du gouvernement du Canada liées au fonctionnement réussi et sécurisé des systèmes et services informatiques gouvernementaux destinés aux Canadiens. Cela inclut la capacité d'appliquer la connaissance des politiques et des normes informatiques aux opérations en direct."
"633131b7-6cb6-40d9-8592-7efc4f75d0f4","IT Project Portfolio Management Tools","Technical skills","Digital Project Portfolio Management, IT Planning and Reporting, Digital Business Line Advisory Services","Demonstrated ability to use and work in project portfolio management tools, such as Clarity PPM.","Outils de gestion de portefeuille de projets informatiques","Compétences techniques","Gestion de portefeuille de projets numériques, Planification et établissement de rapports en matière de la numérique, Services consultatifs auprès des secteurs de la numérique","Capacité démontrée à utiliser et à travailler avec des outils de gestion de portefeuille de projets, tels que Clarity PPM."
"988f03a1-5bb6-4009-a391-a9b5aa232a4d","Implementation of GC Digital Standards in Operations","Technical skills","Digital Project Portfolio Management, Digital Business Line Advisory Services","Demonstrated ability to apply all of the Government of Canada Digital Standards (or an equivalent provincial or international standard) in IT operations, demonstrating a modern approach.","Mise en œuvre des normes relatives au numérique du GC dans les opérations","Compétences techniques","Gestion de portefeuille de projets numériques, Services consultatifs auprès des secteurs de la numérique","Capacité démontrée d’appliquer toutes les normes relatives au numérique du gouvernement du Canada (ou une norme provinciale ou internationale équivalente) dans les opérations de technologies de l’information, en démontrant une approche moderne."
"237d84f7-7367-4e14-9348-b771f32ba08f","Communication of Technical Information to Non-Technical Audiences","Technical skills","IT Planning and Reporting","Demonstrated ability to explain technical content using plain language and simple visual elements that are easy to understand.","Communication d’informations techniques à des publics non techniques","Compétences techniques","Planification et établissement de rapports en matière de la numérique","Capacité avérée à expliquer un contenu technique en utilisant un langage et des éléments visuels simples et faciles à comprendre."
"62e6078f-4b23-4a99-8f96-121fcce1f194","Database Systems","Technical skills","Database Management, Programming Languages, Frameworks, and Tools","Demonstrated ability to work with database systems such as Oracle, MySQL, MariaDB or PostgreSQL.","Systèmes de bases de données","Compétences techniques","Gestion des bases de données, Langages de programmation, frameworks et outils","Capacité démontrée à travailler avec des systèmes de base de données tels qu’Oracle, MySQL, MariaDB ou PostgreSQL."
"003a6e54-bb0c-49e8-a745-99aaefb6d784","Accreditation Procedures, Policies, and Practices","Technical skills","IT Security","","Procédures, politiques et pratiques d’accréditation","Compétences techniques","Sécurité informatique",""
"d684f87f-5637-4cb8-ad35-be2878a382d1","IT Disaster Recovery Management","Technical skills","IT Security","","Gestion de la reprise après sinistre informatique","Compétences techniques","Sécurité informatique",""
"53d35259-8898-4593-bd25-2cc87e6a29ec","IT Disaster Recovery Planning","Technical skills","IT Security","","Planification de la reprise après sinistre informatique","Compétences techniques","Sécurité informatique",""
"a27a68e1-66ad-498f-9a18-91e9b1aeb04c","Preservation Planning Practices, Policies, and Procedures","Technical skills","IT Security","","Pratiques, politiques et procédures de planification de la préservation","Compétences techniques","Sécurité informatique",""
"1997b12c-0b48-4dd4-9fc9-3b61de726d1d","Security Certification Procedures","Technical skills","IT Security","","Procédures de certification de sécurité","Compétences techniques","Sécurité informatique",""
"62868394-7b54-44da-b8a7-e9c8031f7827","Requirements Analysis","Technical skills","Software Solutions - Quality Assurance, Software Solutions - Web Development, Software Solutions - Application Development, Software Solutions - Product Design, Enterprise Architecture","Demonstrated ability to determine users, stakeholders or clients' needs and expectations for a new or modified product, and then document this in a way that enables product authorities to assess and move forward.","Analyse des besoins","Compétences techniques","Solutions logicielles - assurance qualité, Solutions logicielles - développement web, Solutions logicielles - développement d'applications, Solutions logicielles - Conception de produits, Architecture intégrée","Capacité démontrée à déterminer les besoins et les attentes des utilisateurs, des parties prenantes ou des clients concernant un produit nouveau ou modifié, puis à documenter cela de manière à permettre aux autorités responsables du produit d'évaluer et d'aller de l'avant."
"4c598294-38db-4b1c-9712-3d75415380f4","Inclusive Mindset","Behavioural skills","Thinking Skills, Interpersonal Behaviours","Demonstrated ability to involve others in activities, including being aware of and removing barriers so everyone can participate and contribute.","Esprit d’inclusivité","Compétences comportementales","Capacités de raisonnement, Comportements interpersonnels","Capacité démontrée à faire participer les autres aux activités, notamment en étant conscient des obstacles et en les éliminant afin que tout le monde puisse participer et contribuer."
"781bb2b6-abf3-4b53-8c3c-cbdbdb2df0db","IT Incident Tracking","Technical skills","IT Infrastructure Operations","Demonstrated ability to use an issue tracking solution to monitor software and hardware bugs and issues and their resolution.","Suivi des incidents informatiques","Compétences techniques","Opérations d'infrastructure informatique","Capacité démontrée à utiliser une solution de suivi des problèmes pour surveiller les bogues et les problèmes logiciels et matériels et leur résolution."
"58a2d2ad-cd41-42f3-ab8a-b91036e94ee8","IT Infrastructure Management","Technical skills","IT Infrastructure Operations","Demonstrated ability to oversee and coordinate essential operational infrastructure-related tasks.","Gestion de l’infrastructure informatique","Compétences techniques","Opérations d'infrastructure informatique","Capacité démontrée à superviser et à coordonner des tâches essentielles liées à l'infrastructure opérationnelle."
"c5733a6a-74e3-4a02-b76a-aef477898a46","IT Operations Security","Technical skills","IT Security","Demonstrated ability to apply security practices, processes, or technologies to protect IT infrastructure, systems, or services during operational activities. This may include safeguarding data, networks, or computing environments from cyber threats while maintaining availability, integrity, and confidentiality.","Sécurité des opérations informatiques","Compétences techniques","Sécurité informatique","Capacité démontrée à appliquer des pratiques, des processus ou des technologies de sécurité pour protéger l’infrastructure, les systèmes ou les services informatiques lors des activités opérationnelles. Cela peut inclure la protection des données, des réseaux ou des environnements informatiques contre les cybermenaces, tout en maintenant la disponibilité, l’intégrité et la confidentialité."
"aafa1d60-703c-4c31-9b5a-bc998c6df0f1","UX Research Methods","Technical skills","Software Solutions - Product Design","Demonstrated ability to apply recognized methodological approaches (qualitative and quantitative) to gain insights, map journeys, test flows, and develop products and services with users.","Méthodes de recherche UX","Compétences techniques","Solutions logicielles - Conception de produits","Capacité démontrée à appliquer des approches méthodologiques reconnues (qualitatives et quantitatives) pour obtenir des informations, cartographier les parcours, tester les flux et développer des produits et services avec les utilisateurs."
"1f097151-d19a-470d-b584-c1b1a8759969","Root Cause Analysis","Technical skills","Software Solutions - Product Design","Demonstrated ability to research and uncover underlying problems and mitigating factors that shape results and surface appearances. This includes advancing solutions by providing recommendations for addressing, preventing or resolving underlying problems.","Analyse des causes profondes","Compétences techniques","Solutions logicielles - Conception de produits","Capacité démontrée à rechercher et à découvrir les problèmes sous-jacents et les facteurs atténuants qui façonnent les résultats et les apparences. Cela inclut la promotion de solutions en fournissant des recommandations pour aborder, prévenir ou résoudre les problèmes sous-jacents."
"b85f408a-fbe6-4d34-8ab0-8f8a6e7df338","Cryptographic Applications","Technical skills","IT Security","Demonstrated the ability to design and implement coded algorithms and cryptographic solutions to protect and obscure transmitted information and ensure only authorized parties have the ability to decrypt and have access to it.","Applications cryptographiques","Compétences techniques","Sécurité informatique","Capacité démontrée de concevoir et de mettre en œuvre des algorithmes codés et des solutions cryptographiques pour protéger et obscurcir l’information transmise et s’assurer que seules les parties autorisées sont capables de la décrypter et d’y accéder."
"b3666687-358d-4d5d-87dc-3f23fd36de60","Enterprise Software","Technical skills","IT Infrastructure Operations","Demonstrated ability to manage, implement and support enterprise wide applications.","Logiciels d’entreprise","Compétences techniques","Opérations d'infrastructure informatique","Capacité démontrée de gérer, de mettre en œuvre et de soutenir des applications à l’échelle de l’entreprise."
"70f89490-63d3-4f83-b9bf-76d60c88e0ca","Security Event Correlation Tools","Technical skills","Cyber Security","","Outils de corrélation des événements de sécurité","Compétences techniques","Cybersécurité",""
"6b857085-836f-4ba8-b208-2b30b2864b67","Implementation and Enforcement of Policies","Technical skills","Digital Project Portfolio Management","","Mise en œuvre et application des politiques","Compétences techniques","Gestion de portefeuille de projets numériques",""
"2c651efb-383c-4f4f-b601-e44ee7b8c758","Accountability","Behavioural skills","Personal Behaviours","Demonstrated ability to be transparent about, and take responsibility for, decisions and actions.","Responsabilité","Compétences comportementales","Comportements personnels","Capacité démontrée à faire preuve de transparence et assumer la responsabilité des décisions et actions."
"fcfe4b51-69b9-4d1f-9ff4-cbd5d8e782d0","Adaptability","Behavioural skills","Personal Behaviours","Demonstrated ability to adjust actions and mindset to changing circumstances, including demonstrated openness to new thinking and information.","Adaptabilité","Compétences comportementales","Comportements personnels","Capacité démontrée d’adapter ses actions et son état d’esprit à l’évolution des circonstances, y compris une ouverture démontrée à de nouvelles idées et informations."
"35d90f9a-cdb4-4a87-9944-e52e31d5f5ed","Continuous Learning","Behavioural skills","Personal Behaviours, Thinking Skills","Demonstrated ability to continually gain, develop, and apply new knowledge and skills.","Apprentissage continu","Compétences comportementales","Comportements personnels, Capacités de raisonnement","Capacité démontrée d’acquérir, de développer et d’appliquer continuellement de nouvelles connaissances et compétences."
"c52e9322-9163-4bf5-9420-e04a2ebee8fd","Application of NIST controls","Technical skills","Cyber Security","Demonstrated ability to implement and manage security measures to protect information systems by effectively applying the recommended security measures outlined by the National Institute of Standards and Technology (NIST).","Application des contrôles NIST","Compétences techniques","Cybersécurité","Capacité démontrée de mettre en œuvre et de gérer des mesures de sécurité de manière à protéger l’information en appliquant efficacement les mesures de sécurité recommandées par le National Institute of Standards and Technology (NIST)."
"2b11c42d-7b5f-4362-b93b-f0d6b5507fe5","Developing Others","Behavioural skills","Leadership - General Behaviours","Demonstrated ability to support the growth and learning of others as they progress in their careers. This includes being directly responsible for creating opportunities for enhancing the technical skills and behavioural competencies of others.","Amélioration des autres","Compétences comportementales","Leadership - Comportements généraux","Capacité démontrée à soutenir la croissance et l’apprentissage des autres au fur et à mesure qu’ils progressent dans leur carrière. Il s’agit notamment d’être directement responsable de la création d’occasions d’améliorer les compétences techniques et comportementales des autres."
"52e576b5-68f8-4e5a-825d-57273f3eef71","Information Life Cycle","Technical skills","Information and Data Governance - Operations","Demonstrated understanding of the stages data passes through from its creation to destruction.","Cycle de vie de l’information","Compétences techniques","Gouvernance de l'information et des données - Opérations","Compréhension démontrée des étapes par lesquelles passent les données, de leur création à leur destruction."
"ed544d7b-a23f-49a0-806a-2cbb328a6706","IT Systems Administration","Technical skills","IT Infrastructure Operations","Demonstrated ability to deliver the upkeep, configuration, and reliable operation of computer systems, especially multi-user computers such as servers.","Administration des systèmes informatiques","Compétences techniques","Opérations d'infrastructure informatique","Capacité démontrée à assurer l'entretien, la configuration et le fonctionnement fiable des systèmes informatiques, en particulier des ordinateurs multi-utilisateurs tels que les serveurs."
"d9cab248-92ba-46b9-83e9-47fcb1e4f444","IT Troubleshooting","Technical skills","IT Infrastructure Operations","Demonstrated ability to determine causes of operating errors, make recommendations about how to correct errors, and in some cases, test solutions and take corrective action.","Dépannage informatique","Compétences techniques","Opérations d'infrastructure informatique","Capacité démontrée à déterminer les causes des erreurs de fonctionnement, à formuler des recommandations sur la façon de corriger les erreurs et, dans certains cas, à tester des solutions et à prendre des mesures correctives."
"4af0e99a-d477-4c37-84b7-26c70b36d469","Intrusion Technology","Technical skills","Cyber Security","Demonstrated ability to deploy, configure, and manage applications that monitor network traffic and search for known threats, suspicious patterns or malicious activity.","Technologie d’intrusion","Compétences techniques","Cybersécurité","Capacité démontrée de déployer, de configurer et de gérer des applications qui surveillent le trafic sur le réseau et de rechercher des menaces connues, des configurations suspectes et des activités malveillantes."
"e55c6fa8-205c-4835-885f-9909e633201f","Vulnerability Assessment","Technical skills","Cyber Security","Demonstrated ability to identify, assess, and prioritize security weaknesses within an organization's  systems, networks, and applications.","Évaluation de la vulnérabilité","Compétences techniques","Cybersécurité","Capacité démontrée de détecter, d’évaluer et de hiérarchiser les faiblesses de sécurité dans les systèmes, les réseaux et les applications d’une organisation."
"1f6c8d0b-4a76-4efa-90b9-0b582c1b31c5","Information Privacy Laws","Technical skills","Information and Data Governance - Operations","Demonstrated ability to interpret and apply privacy regulations, safeguard personal data, and ensure compliance with relevant laws.","Lois sur la confidentialité des informations","Compétences techniques","Gouvernance de l'information et des données - Opérations","Capacité manifeste à interpréter et à appliquer des règlements sur la protection des renseignements personnels, à protéger des données personnelles et à assurer le respect des lois pertinentes."
"dc79b618-7de7-4773-bdb2-c34a19914db6","Curiosity","Behavioural skills","Personal Behaviours","Demonstrated drive to seek out and discover new information.","Curiosité","Compétences comportementales","Comportements personnels","Volonté démontrée de rechercher et de découvrir de nouvelles informations."
"28eaf99c-c08c-4eb1-866c-f9f192661312","Dependability","Behavioural skills","Personal Behaviours","Demonstrated ability to finish tasks in a trustworthy way, openly communicating about progress and concerns.","Fiabilité","Compétences comportementales","Comportements personnels","Capacité démontrée à terminer les tâches de manière fiable, en communiquant ouvertement sur les progrès et les préoccupations."
"aa773975-44ca-4eca-8c7a-d87866cfea29","Flexibility","Behavioural skills","Personal Behaviours","Demonstrated willingness to try a different approach or method when current efforts are not working or when circumstances require a shift in thinking.","Flexibilité","Compétences comportementales","Comportements personnels","Volonté démontrée d’essayer une approche ou une méthode différente lorsque les efforts actuels ne fonctionnent pas ou lorsque les circonstances exigent un changement de mentalité."
"3f42d576-a2ed-4b1a-a052-a260c9589365","Humility","Behavioural skills","Personal Behaviours","Demonstrated awareness of the true value one brings to a team, expressed with modesty and an appreciation for the strengths, skills and contributions of others.","Humilité","Compétences comportementales","Comportements personnels","Conscience démontrée de la véritable valeur que l’on apporte à une équipe, exprimée avec modestie et appréciation des forces, des compétences et des contributions des autres."
"58af3f12-073a-4973-825e-6d2ebce2d9d5","Initiative","Behavioural skills","Personal Behaviours","Demonstrated ability to take helpful action proactively, without being asked or directed to do so.","Initiative","Compétences comportementales","Comportements personnels","Capacité démontrée à prendre des mesures utiles de manière proactive, sans qu’on le lui demande ou qu’on lui demande de le faire."
"1e61b442-f4a0-4fa8-8e80-b0054e5ec206","Integrity","Behavioural skills","Personal Behaviours","Demonstrated commitment to upholding the public's trust by acting in an honest, fair, and ethical manner.","Intégrité","Compétences comportementales","Comportements personnels","Engagement démontré à maintenir la confiance du public en agissant de manière honnête, juste et éthique."
"a0dad816-08d8-4b14-95a4-1dd6b7c02a3a","Judgement","Behavioural skills","Personal Behaviours","Demonstrated ability to take all relevant information into account and make well-informed, evidence-based decisions.","Jugement","Compétences comportementales","Comportements personnels","Capacité démontrée à prendre en compte toutes les informations pertinentes et à prendre des décisions éclairées et fondées sur des preuves."
"d1271db3-86a0-4ea4-8dfb-d7469e848383","Networking","Behavioural skills","Interpersonal Behaviours","Demonstrated ability to seek out and form professional relationships with others in a way that benefits both parties.","Mise en réseau","Compétences comportementales","Comportements interpersonnels","Capacité démontrée à rechercher et à nouer des relations professionnelles avec les autres d'une manière qui profite aux deux parties."
"aaf00acf-bb7d-4541-9bbb-5f7284e9d01d","Persistence","Behavioural skills","Personal Behaviours","Demonstrated effort to continuously work towards an outcome, despite challenges and setbacks.","Persistance","Compétences comportementales","Comportements personnels","Effort démontré pour travailler continuellement vers un résultat, malgré les défis et les revers."
"e23a60b0-c5bf-4459-8b55-ae0e546f5678","Passion","Behavioural skills","Personal Behaviours","Demonstrated and sustained enthusiasm for a task, initiative, or approach.","Passion","Compétences comportementales","Comportements personnels","Enthousiasme démontré et soutenu pour une tâche, une initiative ou une approche."
"0fd81825-7727-4885-b476-e9579126c861","Openness","Behavioural skills","Personal Behaviours","Demonstrated willingness to receive and share freely with others.","Ouverture","Compétences comportementales","Comportements personnels","Volonté démontrée de recevoir et de partager librement avec les autres."
"70933860-8622-4d97-ba4f-dd298c67f629","Self-Awareness","Behavioural skills","Personal Behaviours","Demonstrated ability to think objectively about one's own strengths and limitations.","Conscience de soi","Compétences comportementales","Comportements personnels","Capacité démontrée à réfléchir objectivement à ses propres forces et limites."
"d2723aa9-8f50-4bf3-bec6-8db5bfcc8ad3","Positive Attitude","Behavioural skills","Personal Behaviours","Demonstrated ability to face challenges with optimism and to make the best of bad situations.","Attitude positive","Compétences comportementales","Comportements personnels","Capacité démontrée à relever les défis avec optimisme et à tirer le meilleur parti des mauvaises situations."
"4c007b31-1a23-4be5-a438-3c16e016f996","Resource Management","Technical skills","Leadership - General Technical Skills","Demonstrated ability to effectively develop, allocate, and manage assets as they are needed.","Gestion des ressources","Compétences techniques","Leadership - Compétences techniques générales","Capacité démontrée à développer, allouer et gérer efficacement les actifs selon les besoins."
"f38fc9e5-6f0e-447c-ac1b-89130e49e3ee","Change Management","Behavioural skills","Leadership - General Behaviours","Demonstrated ability to create a supported, sustained change in organizations, products or services. This includes developing approaches to communicate change and ensure the adoption of new behaviours, as well as planning and implementing new ways of operating.","Gestion du changement","Compétences comportementales","Leadership - Comportements généraux","Capacité démontrée à créer un changement soutenu et durable dans les organisations, les produits ou les services. Il s’agit notamment d’élaborer des approches pour communiquer le changement et assurer l’adoption de nouveaux comportements, ainsi que de planifier et de mettre en œuvre de nouvelles façons de fonctionner."
"9f0a6401-2ceb-4564-9eff-fdf8264130b2","Conflict Management","Behavioural skills","Interpersonal Behaviours","Demonstrated ability to help others overcome difficulties stemming from differences of opinion or issues with communication.","Gestion des conflits","Compétences comportementales","Comportements interpersonnels","Capacité démontrée d’aider les autres à surmonter les difficultés découlant de divergences d’opinions ou de problèmes de communication."
"84816457-297d-49fb-8617-7be9e4975055","Creating Inclusive Environments","Behavioural skills","Leadership - General Behaviours, Interpersonal Behaviours","Demonstrated ability to create a space where every person feels respected and appreciated.","Création d’environnements inclusifs","Compétences comportementales","Leadership - Comportements généraux, Comportements interpersonnels","Capacité démontrée à créer un espace où chaque personne se sent respectée et appréciée."
"d4f09c59-1565-4e4e-81a7-351e7d9483b9","Ethical Decision-Making","Behavioural skills","Thinking Skills, Leadership - General Behaviours","Demonstrated ability to make decisions without bias or self-interest, ensuring fairness for all people involved.","Prise de décisions éthiques","Compétences comportementales","Capacités de raisonnement, Leadership - Comportements généraux","Capacité démontrée à prendre des décisions sans parti pris ni intérêt personnel, en assurant l’équité pour toutes les personnes concernées."
"7a3118d2-4018-49a1-afd9-fe52a1dfa45a","Relationship Management","Behavioural skills","Interpersonal Behaviours","Demonstrated ability to build rapport with clients and stakeholders and keep them engaged over a sustained amount of time.","Gestion des relations","Compétences comportementales","Comportements interpersonnels","Capacité démontrée à établir des relations avec les clients et les parties prenantes et à les maintenir engagés sur une période de temps prolongée."
"28505a5a-29e4-4695-9d96-c6ed56536efa","Respect","Behavioural skills","Interpersonal Behaviours","Demonstrated commitment to creating an environment that is free from discrimination, harassment, and bullying.","Respect","Compétences comportementales","Comportements interpersonnels","Engagement démontré à créer un environnement exempt de discrimination, de harcèlement et d'intimidation."
"9ef53317-6519-4c7a-b79c-9120806ea27f","Risk Mindset","Behavioural skills","Leadership - General Behaviours","Demonstrated ability to comfortably take calculated risks and learn from those that are unsuccessful.","Orienté vers la prise de risque","Compétences comportementales","Leadership - Comportements généraux","Capacité démontrée à prendre confortablement des risques calculés et à apprendre de ceux qui échouent."
"3184d0ea-4f8d-4917-8154-8a72b2795793","Stakeholder Relations","Behavioural skills","Interpersonal Behaviours","Demonstrated ability to communicate with invested parties to assess their needs, negotiate outcomes, and manage expectations.","Relations avec les parties prenantes","Compétences comportementales","Comportements interpersonnels","Capacité démontrée à communiquer avec les parties investies pour évaluer leurs besoins, négocier les résultats et gérer les attentes."
"a9e62297-c060-48fe-8c62-6b580ebf9527","Teamwork","Behavioural skills","Interpersonal Behaviours","Demonstrated ability to work collaboratively with others to achieve common goals and positive results.","Travail d’équipe","Compétences comportementales","Comportements interpersonnels","Capacité avérée à travailler en collaboration avec d'autres personnes pour atteindre des objectifs communs et des résultats positifs."
"8b1b9932-ca10-4613-894a-49a9bab4d491","Complex Problem Solving","Behavioural skills","Thinking Skills","Demonstrated ability to use logical approaches and partnership building to solve unique, ill-defined, or intricate problems involving multiple layers and numerous unknowns.","Résolution de problèmes complexes","Compétences comportementales","Capacités de raisonnement","Capacité démontrée d’utiliser des approches logiques et l’établissement de partenariats pour résoudre des problèmes uniques, mal définis ou complexes impliquant plusieurs niveaux et de nombreuses inconnues."
"5b03ff93-939c-4e68-a281-8ecc6cc9edb8","Creative Thinking","Behavioural skills","Thinking Skills","Demonstrated ability to generate new, unusual, or clever ideas about a topic or to solve an issue.","Pensée créative","Compétences comportementales","Capacités de raisonnement","Capacité démontrée à générer des idées nouvelles, inhabituelles ou intelligentes sur un sujet ou à résoudre un problème."
"64191b78-f4c3-473e-8c99-ec89d88bb552","Critical Thinking","Behavioural skills","Thinking Skills","Demonstrated ability to take a structured and objective approach to evaluating information before forming an opinion about a topic.","Pensée critique","Compétences comportementales","Capacités de raisonnement","Capacité démontrée d’adopter une approche structurée et objective pour évaluer l’information avant de se forger une opinion sur un sujet."
"7de47fb6-5b35-495c-a14e-d0e22d491ef1","Entrepreneurial Thinking","Behavioural skills","Thinking Skills","Demonstrated ability to come up with unconventional ideas and new opportunities. This includes being creative and strategic in bringing opportunities forward, and demonstrating the ability to gather the necessary support and resources to advance concepts beyond the initial discussion stage.","Pensée entrepreneuriale","Compétences comportementales","Capacités de raisonnement","Capacité démontrée à trouver des idées non conventionnelles et de nouvelles opportunités. Il s’agit notamment de faire preuve de créativité et de stratégie pour présenter des opportunités, et de démontrer la capacité de rassembler le soutien et les ressources nécessaires pour faire avancer les concepts au-delà de l’étape de la discussion initiale."
"1912ce30-14e5-43d5-9f16-25e9dd611c2a","Innovation","Behavioural skills","Thinking Skills","Demonstrated ability to foster novel ideas and turn them into solutions that are effective and valuable to others.","Innovation","Compétences comportementales","Capacités de raisonnement","Capacité démontrée à favoriser des idées novatrices et à les transformer en solutions efficaces et utiles aux autres."
"e6a49a58-64f2-4e1c-b394-8bf32ef5cb7e","Insight","Behavioural skills","Thinking Skills","Demonstrated ability to perceptively analyze situations, allowing for a deep and accurate understanding of the issue.","Aperçu","Compétences comportementales","Capacités de raisonnement","Capacité démontrée d’analyser les situations avec perspicacité, ce qui permet une compréhension approfondie et précise du problème."
"fca5f882-7d82-4282-a948-41acc73abb34","Organizational Acumen","Behavioural skills","Thinking Skills","Demonstrated ability to understand the objectives and ecosystem of an organization, even when faced with complexity and change.","Sens de l’organisation","Compétences comportementales","Capacités de raisonnement","Capacité démontrée à comprendre les objectifs et l’écosystème d’une organisation, même face à la complexité et au changement."
"015af717-4b50-4e13-9742-28bdb34cc2e8","Verbal Communication","Behavioural skills","Communication Skills","Demonstrated ability to clearly share concepts, coordinate work, and advance goals through discussion or presentations.","Communication verbale","Compétences comportementales","Compétences en communication","Capacité démontrée à partager clairement des concepts, à coordonner le travail et à faire progresser les objectifs par le biais de discussions ou de présentations."
"0380d08e-02d4-4045-85ad-fbbed800123b","Visual Communication","Behavioural skills","Communication Skills","Demonstrated ability to create and use visual aids such as diagrams and illustrations to convey information to others.","Communication visuelle","Compétences comportementales","Compétences en communication","Capacité démontrée à créer et à utiliser des aides visuelles telles que des diagrammes et des illustrations pour transmettre des informations aux autres."
"9f88e006-a9c4-41b8-a54a-62cb6827f43d","Team Leadership","Behavioural skills","Leadership - General Behaviours","Demonstrated ability to support and motivate team members so they may collectively deliver on agreed-upon outcomes.","Direction de l’équipe","Compétences comportementales","Leadership - Comportements généraux","Capacité démontrée à soutenir et à motiver les membres de l'équipe afin qu'ils puissent collectivement atteindre les résultats convenus."
"3724bf89-ddb2-4da4-9ec9-48dec16f77db","Analytical Thinking","Behavioural skills","Thinking Skills","Demonstrated ability to interpret, link and analyze information in order to understand issues.","Raisonnement analytique","Compétences comportementales","Capacités de raisonnement","Capacité démontrée d’interpréter, de relier et d’analyser l’information afin de comprendre les enjeux."
"f12020c9-7697-40e5-9542-8a1bf3693b23","Awareness of Science Organizations","Technical skills","Working in Government","Demonstrated knowledge of Canada's various scientific organizations and their mandates, as well as a general understanding of operating considerations in a science-based organization.","Connaissance des organisations scientifiques","Compétences techniques","Travailler au sein du gouvernement","Connaissance avérée des divers organismes scientifiques du Canada et de leurs mandats, ainsi qu’une compréhension générale des considérations opérationnelles d’un organisme à vocation scientifique."
"a3400cda-ec81-406d-b568-719bfb534404","Digital Literacy","Technical skills","GC Digital Competencies","Demonstrated ability to learn, understand, and use modern technology to find, evaluate, and communicate information.","Littératie numérique","Compétences techniques","Les compétences numériques du GC","Capacité démontrée d’apprendre, de comprendre et d’utiliser la technologie moderne pour trouver, évaluer et communiquer de l’information."
"0b0610e3-d543-44b8-bed9-e805d2fd6242","General Communication","Behavioural skills","Communication Skills","Demonstrated ability to receive, understand, develop, and share information in a clear, logical, respectful manner through verbal, visual and written interactions with others.","Communication générale","Compétences comportementales","Compétences en communication","Capacité démontrée de recevoir, de comprendre, d’élaborer et de partager de l’information de manière claire, logique et respectueuse par le biais d’interactions verbales, visuelles et écrites avec les autres."
"8d5323a6-afec-4daf-a3b9-f761b6848df9","Indigenous Cultural Competency","Technical skills","Working in Government","Demonstrated commitment to fostering positive relationships with Indigenous peoples by looking inward to identify harmful beliefs and biases, and taking action to change them.","Compétence culturelle autochtone","Compétences techniques","Travailler au sein du gouvernement","Engagement manifeste à favoriser des relations positives avec les peuples autochtones en faisant une introspection pour connaître les croyances et les préjugés nuisibles, et en prenant des mesures pour les changer."
"a96f1f37-9567-460e-acab-39341cd2c85e","Originality","Behavioural skills","Thinking Skills","Demonstrated ability to come up with new ideas about a given topic.","Originalité","Compétences comportementales","Capacités de raisonnement","Capacité démontrée à trouver de nouvelles idées sur un sujet donné."
"719278f8-42fd-4b61-8d18-dbb89c25c1fa","Problem Solving","Behavioural skills","Thinking Skills","Demonstrated ability to identify the source of an issue, and find and implement an effective solution.","Résolution de problèmes","Compétences comportementales","Capacités de raisonnement","Capacité démontrée à identifier la source d’un problème, ainsi qu’à trouver et mettre en œuvre une solution efficace."
"201ef6a1-813a-42a9-9266-a514fb96fdb7","Strategic Thinking","Behavioural skills","Thinking Skills","Demonstrated ability to assess various options in a given situation and select the option will produce the most desirable outcome.","Réflexion stratégique","Compétences comportementales","Capacités de raisonnement","La capacité démontrée à évaluer diverses options dans une situation donnée et à sélectionner l’option produira le résultat le plus souhaitable."
"b2807fde-749f-4a65-ad0e-352307330e42","Strategy Development","Behavioural skills","Leadership - General Behaviours","Demonstrated ability to identify necessary components, risks, and most favourable objectives for an initiative, and then create a plan to achieve goals.","Élaboration de la stratégie","Compétences comportementales","Leadership - Comportements généraux","Capacité démontrée à identifier les composants nécessaires, les risques et les objectifs les plus favorables pour une initiative, puis à créer un plan pour atteindre les objectifs."
"b4a8e8e7-8ed4-46c9-ae68-ad804d8b9b16","Stress Management","Behavioural skills","Personal Behaviours","Demonstrated ability to recognize mental, emotional and physical strain, and leverage tools and approaches to mitigate, adapt and address situations of high or ongoing stress.","Gestion du stress","Compétences comportementales","Comportements personnels","Capacité démontrée à discerner les charges mentales, émotionnelles et physiques, et à tirer parti des outils et des stratégies permettant d'atténuer, de modifier et de résoudre les situations où le stress est élevé ou constant."
"b8ad7457-c3a6-4c51-a37e-f4f0755e15eb","Systems Thinking","Behavioural skills","Thinking Skills","Demonstrated ability to understand and analyze how all aspects of a service integrate and impact each other, and use that insight to create a clear direction for the service.","Pensée systémique","Compétences comportementales","Capacités de raisonnement","Capacité démontrée à comprendre et à analyser comment tous les aspects d'un service s'intègrent et s'influencent mutuellement, et à utiliser ces informations pour créer une orientation claire pour le service."
"3341b507-9831-4f24-8a80-6692dff3803e","Working on a Distributed Team","Technical skills","Working in Government","Demonstrated ability to leverage digital resources to communicate, collaborate, and work in a way that engages team members in distributed locations.","Travailler dans une équipe distribuée","Compétences techniques","Travailler au sein du gouvernement","Capacité démontrée à exploiter les ressources numériques pour communiquer, collaborer et travailler de manière à impliquer les membres de l'équipe dans des emplacements distribués."
"23c7b461-f735-4b3c-a6e3-5142e80b6f0e","Azure Resources","Technical skills","Programming Languages, Frameworks, and Tools, Enterprise Architecture","Demonstrated ability to manage Azure resources related to different Azure solutions, with awareness of the impact on the broader security and architecture of the organization.","Ressources Azure","Compétences techniques","Langages de programmation, frameworks et outils, Architecture intégrée","Capacité démontrée à gérer les ressources Azure liées à différentes solutions Azure, en tenant compte de l’incidence sur la sécurité et l’architecture plus vaste de l’organisation."
"5b9d6483-2804-47a7-be31-53154686a6af","Database Design","Technical skills","Database Management","Demonstrated ability to develop database models that meet data requirements, using best practices.","Conception des bases de données","Compétences techniques","Gestion des bases de données","Capacité démontrée à élaborer des modèles de base de données qui répondent aux exigences en matière de données, en utilisant les meilleures pratiques."
"242bc8b8-8288-4ef9-9dd6-13d56d1b86fc","Digital Product Management","Technical skills","Digital Project Portfolio Management, Digital Business Line Advisory Services","Demonstrated ability to conceive, define, deliver, monitor and refine digital products in order to maximize business results.","Gestion des produits numériques","Compétences techniques","Gestion de portefeuille de projets numériques, Services consultatifs auprès des secteurs de la numérique","Capacité démontrée à concevoir, définir, livrer, surveiller et peaufiner des produits numériques afin de maximiser les résultats commerciaux."
"e5524735-d0c5-4b85-a92f-d50e3ac264da","IT Infrastructure Operations","Technical skills","IT Infrastructure Operations","Demonstrated ability to support the development, implementation, integration, maintenance, analysis, and/or client support services of IT infrastructure operations.","Opérations d’infrastructure de la TI","Compétences techniques","Opérations d'infrastructure informatique","Capacité démontrée à prendre en charge les services de développement, de mise en œuvre, d’intégration, de maintenance, d’analyse et/ou de support client des opérations d’infrastructure informatique."
"ef9935c9-c101-4fa6-8aa1-e45294541767","Supporting Government of Canada Reporting Cycles","Technical skills","Working in Government","Demonstrated ability to support or lead activities and process related to Government of Canada reporting cycles, including reporting, tracking, and measurement of results.","Soutenir les cycles d'établissement de rapports du gouvernement du Canada","Compétences techniques","Travailler au sein du gouvernement","Capacité démontrée à soutenir ou à diriger des activités et des processus liés aux cycles de reporting du gouvernement du Canada, y compris la production de rapports, le suivi et la mesure des résultats."
"126d39dc-b51d-4c13-b76c-6e03bdb941de","IT Software Solutions","Technical skills","Software Solutions - Application Development","Demonstrated ability to provide technical IT services and advice in the development, testing, implementation, integration, or maintenance of software solutions.","Solutions logicielles de la TI","Compétences techniques","Solutions logicielles - développement d'applications","Capacité démontrée à fournir des services informatiques techniques et des conseils dans le développement, les tests, la mise en œuvre, l'intégration ou la maintenance de solutions logicielles."
"582b29f5-6d5c-4514-b2ed-1f8b13c63ea5","IT Database Management","Technical skills","Database Management","Demonstrated ability to provide technical IT services and advice in the development, installation, administration, monitoring, or support of database management solutions.","Gestion des bases de données de la TI","Compétences techniques","Gestion des bases de données","Capacité démontrée à fournir des services et des conseils techniques en matière de TI dans le développement, l’installation, l’administration, la surveillance ou le soutien de solutions de gestion de bases de données."
"2bf68f6f-9d2a-48d3-ba4d-9ddbbca88981","Planning and Reporting for Digital Products and Services","Technical skills","Digital Project Portfolio Management, Digital Business Line Advisory Services","Demonstrated ability to provide technical advice, coordination and logistical support for planning and reporting for digital products and services.","Planification et établissement de rapport pour les produits et services numériques","Compétences techniques","Gestion de portefeuille de projets numériques, Services consultatifs auprès des secteurs de la numérique","Capacité démontrée à fournir des conseils techniques, une coordination et un soutien logistique pour la planification et le reporting des produits et services numériques."
"69eb0c9c-5af2-4029-bd8d-8731991ab475","Risk Assessment","Technical skills","Software Solutions - Quality Assurance, IT Security, Digital Project Portfolio Management, Cyber Security, Digital Business Line Advisory Services","Demonstrated ability to systematically identify hazards, risks, and potential outcomes, to analyze situations, and to propose mitigation measures that address risk factors.","Évaluation du risque","Compétences techniques","Solutions logicielles - assurance qualité, Sécurité informatique, Gestion de portefeuille de projets numériques, Cybersécurité, Services consultatifs auprès des secteurs de la numérique","Capacité démontrée à cerner systématiquement les dangers, les risques et les résultats potentiels, à analyser les situations ainsi qu'à proposer des mesures d'atténuation qui tiennent compte des facteurs de risque."
"891c0404-01d4-48ca-8eae-cbf98625090e","IT Business Line Advisory","Technical skills","Digital Project Portfolio Management, Digital Business Line Advisory Services","Demonstrated ability to provide analysis, research and strategic advice to clients and organisations in support of effective digital business solutions.","Services consultatifs auprès des secteurs d’activités de la TI","Compétences techniques","Gestion de portefeuille de projets numériques, Services consultatifs auprès des secteurs de la numérique","Capacité démontrée à fournir des analyses, des recherches et des conseils stratégiques aux clients et aux organisations à l’appui de solutions d’affaires numériques efficaces."
"2fa5f4c6-1dff-45f9-ac58-df09fd3c7192","Create Vision and Strategy","Behavioural skills","Leadership - Executive Behaviours","Leaders define the future and chart a path forward. They are adept at understanding and communicating context, factoring in the economic, social and political environment. Intellectually agile, they leverage their deep and broad knowledge, build on diverse ideas and perspectives and create consensus around compelling visions. Leaders balance organizational and government-wide priorities and improve outcomes for Canada and Canadians.","Créer une vision et une stratégie","Compétences comportementales","Leadership - Comportements des cadres","Les dirigeants définissent l'avenir et tracent la voie à suivre. Ils comprennent et communiquent le contexte avec la plus grande aisance, en tenant compte de l'environnement économique, social et politique. Agiles sur le plan intellectuel, ils mettent à contribution leurs connaissances vastes et approfondies, s'inspirent de différentes idées et perspectives, et dégagent un consensus sur les visions convaincantes. Les dirigeants assurent l'équilibre entre les priorités organisationnelles et pangouvernementales, et contribuent à améliorer les résultats pour le Canada et les Canadiens."
"0550d898-f295-43a0-b7a5-7d6075e13b01","Mobilize People","Behavioural skills","Leadership - Executive Behaviours","Leaders inspire and motivate the people they lead. They manage performance, provide constructive and respectful feedback to encourage and enable performance excellence. They lead by example, setting goals for themselves that are more demanding than those that they set for others.","Mobiliser les personnes","Compétences comportementales","Leadership - Comportements des cadres","Les dirigeants inspirent et motivent les personnes qu'ils dirigent. Ils gèrent le rendement, offrent de la rétroaction constructive et respectueuse pour encourager et rendre possible l'excellence en matière de rendement. Ils donnent l'exemple en se fixant des objectifs pour eux-mêmes qui sont plus exigeants que ceux qu'ils fixent pour les autres."
"6799f02c-15c6-4b81-900d-a730578115bd","Uphold Integrity and Respect","Behavioural skills","Leadership - Executive Behaviours","Leaders exemplify ethical practices, professionalism and personal integrity. They create respectful and trusting work environments where sound advice is valued. They encourage the expression of diverse opinions and perspectives, while fostering collegiality. Leaders are self-aware and seek out opportunities for personal growth.","Préserver l'intégrité et le respect","Compétences comportementales","Leadership - Comportements des cadres","Les dirigeants donnent l'exemple sur le plan des pratiques éthiques, du professionnalisme et de l'intégrité personnelle. Ils créent des environnements de travail empreints de respect et de confiance, où les conseils judicieux sont valorisés. Ils encouragent l'expression d'opinions et de perspectives différentes, tout en favorisant la collégialité. Les dirigeants ont une conscience de soi et recherchent les occasions d'épanouissement personnel."
"827450ef-015b-4d10-b19d-cf044ff5021b","Collaborate with Partners and Stakeholders","Behavioural skills","Leadership - Executive Behaviours","Leaders are deliberate and resourceful about seeking the widest possible spectrum of perspectives. They demonstrate openness and flexibility to forge consensus and improve outcomes. They bring a whole-of-government perspective to their interactions. In negotiating solutions, they are open to alternatives and skillful at managing expectations. Leaders share recognition with their teams and partners.","Collaborer avec les partenaires et les intervenants","Compétences comportementales","Leadership - Comportements des cadres","Les dirigeants cherchent à obtenir, de façon délibérée et ingénieuse, le plus grand éventail possible de perspectives. Ils font preuve d'ouverture et de souplesse afin de parvenir à un consensus et d'améliorer les résultats. Ils apportent une perspective pangouvernementale à leurs interactions. Lorsqu'ils négocient pour en arriver à des solutions, ils n'excluent pas les solutions de rechange et gèrent les attentes avec compétence. Les dirigeants partagent la reconnaissance avec leurs équipes et partenaires."
"7e51deb9-7155-405b-8353-fd4a6ab76c5e","Promote Innovation and Guide Change","Behavioural skills","Leadership - Executive Behaviours","Leaders have the courage and resilience to challenge convention. They create an environment that supports bold thinking, experimentation and intelligent risk taking. They use setbacks as a valuable source of insight and learning. Leaders take change in their stride, aligning and adjusting milestones and targets to maintain forward momentum.","Promouvoir l'innovation et orienter le changement","Compétences comportementales","Leadership - Comportements des cadres","Les dirigeants ont le courage et la résilience nécessaires pour remettre en question les idées conventionnelles. Ils créent un environnement propice aux idées audacieuses, à l'expérimentation et à la prise de risques en toute connaissance de cause. Ils perçoivent les revers comme une bonne occasion de comprendre et d'apprendre. Les dirigeants s'adaptent au changement en harmonisant et en modifiant les jalons et les objectifs afin de maintenir leur dynamisme."
"1edaf093-fc1f-4e69-badb-a24d6dca0e6b","Achieve Results","Behavioural skills","Leadership - Executive Behaviours","Leaders mobilize and manage resources to deliver on the priorities of the Government, improve outcomes and add value. They consider context, risks and business intelligence to support high-quality and timely decisions. They anticipate, plan, monitor progress and adjust as needed. Leaders take personal responsibility for their actions and outcomes of their decisions.","Obtenir des résultats","Compétences comportementales","Leadership - Comportements des cadres","Les dirigeants mobilisent et gèrent les ressources afin de réaliser les priorités du gouvernement, d'améliorer les résultats et d'apporter une valeur ajoutée. Ils tiennent compte du contexte, des risques et des renseignements organisationnels dont ils disposent afin d'appuyer la prise de décisions de qualité élevée en temps opportun. Ils anticipent, planifient, suivent les progrès et apportent des correctifs au besoin. Les dirigeants assument la responsabilité personnelle à l'égard de leurs actions et des résultats de leurs décisions."
"d86fcd28-652f-4019-86d1-7a94e1a95df4","SAP User Interface for HTML 5 (SAPUI5)","Technical skills","Programming Languages, Frameworks, and Tools","Demonstrated ability to leverage this framework to build responsive web applications.","SAP User Interface for HTML 5 (SAPUI5)","Compétences techniques","Langages de programmation, frameworks et outils","Capacité démontrée à exploiter ce cadre pour construire des applications web réactives."
"f8864a31-84e0-45e4-9f07-a65f8828edce","User Experience Design for Digital Product","Technical skills","Software Solutions - Product Design","Demonstrated ability to leverage user experience design methods to map, develop and improve digital products.","Conception de l’expérience utilisateur pour les produits numériques","Compétences techniques","Solutions logicielles - Conception de produits","Capacité avérée à exploiter les méthodes de conception de l’expérience utilisateur pour planifier, développer et améliorer les produits numériques."
"ecd6db7b-0bea-4361-9a63-95a5bf0928ae","High-Volume Document Review","Technical skills","Access to Information and Privacy","Demonstrated ability to maintain focus while reading and assessing large volumes of materials, including being able to identify and summarize important points drawn from multiple sources of information.","Examen d’un volume élevé de documents","Compétences techniques","Accès à l’information et de la protection des renseignements personnels","Capacité démontrée à maintenir sa concentration tout en lisant et en évaluant un volume élevé de documents, notamment la capacité de cerner et de résumer les points importants tirés de multiples sources d’information."
"d2344d99-3b8c-4957-bd2b-d8562b592014","Service Design","Technical skills","Software Solutions - Product Design","Demonstrated ability to apply recognized methodological approaches to explore and map current and planned services. This includes the ability to lead and document processes with users to design, test, and improve service flows and service solutions.","Conception de services","Compétences techniques","Solutions logicielles - Conception de produits","Capacité démontrée à appliquer des approches méthodologiques reconnues pour explorer et cartographier les services actuels et prévus. Cela inclut la capacité de diriger et de documenter les processus avec les utilisateurs pour concevoir, tester et améliorer les flux de services et les solutions de services."
"f86a7267-f28d-412e-9643-d417a19e1bae","Client Focus","Behavioural skills","Interpersonal Behaviours","Demonstrated ability to engage respectfully with service or product users, prioritize their needs, promote satisfaction, and resolve issues.","Axé sur le client","Compétences comportementales","Comportements interpersonnels","Capacité démontrée à s’engager avec respect avec les utilisateurs de services ou de produits, à hiérarchiser leurs besoins, à promouvoir la satisfaction et à résoudre les problèmes."
"5484dc3b-1239-4612-aafb-90768ccdfff7","GraphQL","Technical skills","Programming Languages, Frameworks, and Tools","Demonstrated ability to apply concrete knowledge of this query language to work with data, including knowledge of best practices when working with APIs.","GraphQL","Compétences techniques","Langages de programmation, frameworks et outils","Capacité démontrée à appliquer des connaissances concrètes de ce langage de requête pour travailler avec des données, y compris la connaissance des meilleures pratiques lors de l’utilisation d’API."
"196c76a9-3d16-45bd-91bf-36a40f1cc238","Low Code","Technical skills","Programming Languages, Frameworks, and Tools","Demonstrated ability to leverage automated code generation tools to develop or enhance digital products. This includes the ability to use tools such as Appian, Microsoft Power Platform, Mendix, Outsystems, Salesforce, and ServiceNow.","Low Code","Compétences techniques","Langages de programmation, frameworks et outils","Capacité démontrée à tirer parti des outils de génération de code automatisés pour développer ou améliorer des produits numériques. Cela inclut la possibilité d'utiliser des outils tels que Appian, Microsoft Power Platform, Mendix, Outsystems, Salesforce et ServiceNow."
"019c24fd-8be6-4970-84ee-c9131005b916","User Interface and Interaction Design","Technical skills","Software Solutions - Product Design","Demonstrated ability to develop, test, and improve user-facing components and processes for digital products, including creating components based on user research and client requirements, and preparing components for coding and production by development teams.","Conception d'interface utilisateur et d'interaction","Compétences techniques","Solutions logicielles - Conception de produits","Capacité démontrée à développer, tester et améliorer des composants et des processus destinés aux utilisateurs pour les produits numériques, y compris la création de composants basés sur la recherche des utilisateurs et les exigences des clients, et la préparation des composants pour le codage et la production par les équipes de développement."
"1b9d4bc4-bdbb-435e-9a91-b111ca765a70","JavaScript","Technical skills","Programming Languages, Frameworks, and Tools","Demonstrated ability to apply concrete knowledge of this programming language to develop a variety of projects.","JavaScript","Compétences techniques","Langages de programmation, frameworks et outils","Capacité démontrée à appliquer des connaissances concrètes de ce langage de programmation pour développer une variété de projets."
"2d94acc8-c476-46f3-a056-48bdb42dc0b7","Machine Learning Algorithms","Technical skills","Data Services - Data Science","Demonstrated ability to develop and program algorithms capable of receiving and analyzing input data to predict output values within an acceptable range and in turn are capable of learning and optimizing their operations to improve performance, and developing intelligence through experience.","Algorithmes d'apprentissage automatique","Compétences techniques","Services de données - Science des données","Capacité démontrée à développer et à programmer des algorithmes capables de recevoir et d'analyser des données d'entrée pour prédire des valeurs de sortie dans une fourchette acceptable et, à leur tour, capables d'apprendre et d'optimiser leurs opérations pour améliorer les performances, et de développer l'intelligence par l'expérience."
"b7405f6d-2324-4220-ba1c-793899076f11","Data Project Management","Technical skills","Data Services - Data Analytics","Demonstrated ability to apply knowledge and experience of project management methodologies, including tools and techniques and adopt those most appropriate for the environment as well as support the delivery of digital projects within the data analysis domain.","Gestion de projets de données","Compétences techniques","Services de données - Analyse de données","Capacité démontrée à appliquer les connaissances et l’expérience des méthodologies de gestion de projet, y compris les outils et les techniques, et à adopter celles qui conviennent le mieux à l’environnement, ainsi qu’à appuyer la réalisation de projets numériques dans le domaine de l’analyse des données."
"a0c85ae7-8328-448d-b2ee-4d61eb191c9a","Information Architecture Design","Technical skills","Information and Data Governance - Information Architecture","Demonstrated ability to design and model information architecture artefacts including enterprise taxonomies, vocabularies, classification schemes, namespaces and ontologies.","Conception de l'architecture de l'information","Compétences techniques","Gouvernance de l'information et des données - Architecture de l'information","Capacité démontrée à concevoir et à modéliser des artefacts d'architecture de l'information, y compris des taxonomies, des vocabulaires, des systèmes de classification, des espaces de noms et des ontologies d'entreprise."
"45a12c0f-d221-4803-b5f1-ded96b6e23eb","Graphic Design for Digital Products","Technical skills","Software Solutions - Product Design","Demonstrated ability to create visual content and brands for websites and applications, communicating key messages that enhance existing language and features. This includes the ability to create original content and modify existing elements (with an understanding of copyright and open source practices).","Conception graphique","Compétences techniques","Solutions logicielles - Conception de produits","Capacité démontrée à créer du contenu visuel et des marques pour des sites Web et des applications, en communiquant des messages clés qui améliorent le langage et les fonctionnalités existants. Cela inclut la capacité de créer du contenu original et de modifier des éléments existants (avec une compréhension des pratiques de rédaction et d'open source)."
"c410b1d0-e617-45a0-b297-9c8ccc59879d","Application of Cyber Security Principles, Methods, and Policies","Technical skills","Cyber Security","Demonstrated ability to understand and follow best practices and policies to protect electronic information from digital attacks.","Application des principes, méthodes et politiques de cybersécurité","Compétences techniques","Cybersécurité","Capacité démontrée à comprendre et à suivre les meilleures pratiques et politiques pour protéger les informations électroniques contre les attaques numériques."
"b75ee6e9-94bf-4a72-97e8-39e4dbfae6ed","Digital Identity","Technical skills","IT Security, Cyber Security, Enterprise Architecture","Demonstrated ability to apply knowledge of key digital identity standards and experience working with identity, access, and privileged account management solutions.","Identité numérique","Compétences techniques","Sécurité informatique, Cybersécurité, Architecture intégrée","Capacité démontrée à appliquer les connaissances des principales normes en matière d'identité numérique et l'expérience  avec des solutions de gestion des identités, des accès et des comptes privilégiés."
"84407a71-bbf0-4ba9-8579-e4cdf3127a5e","Endpoint Security","Technical skills","IT Security, Cyber Security","Demonstrated ability to apply common cyber security approaches and use intrusion detection and prevention tools to safeguard data and operations.","Sécurité des points d'accès","Compétences techniques","Sécurité informatique, Cybersécurité","Capacité démontrée à appliquer des approches communes en matière de cybersécurité et à utiliser des outils de détection et de prévention des intrusions pour protéger les données et les opérations."
"1fd3b258-2492-43a4-bc84-cb141b0d91ea","Cyber Security Event Management","Technical skills","Cyber Security","Demonstrated ability to use security information and event management (SIEM) tools to detect, respond and recover from cyber security events and incidents.","Gestion des événements de cybersécurité","Compétences techniques","Cybersécurité","Capacité démontrée à utiliser des outils de gestion des informations et des événements de sécurité (GIES) pour détecter les événements et incidents de cybersécurité, y répondre et y remédier."
"63b5a310-7526-4e48-b3c9-188f531bb001","DevSecOps","Technical skills","IT Security, Cyber Security","Demonstrated ability to ensure that security is seamlessly and effectively integrated across the software development life cycle (SDLC) using continuous integration and continuous deployment (CI/CD) pipelines.","DevSecOps","Compétences techniques","Sécurité informatique, Cybersécurité","Capacité démontrée à intégrer la sécurité de manière transparente et efficace dans le cycle de vie du développement logiciel (SDLC) à l'aide de pipelines d'intégration et de déploiement continus (CI/CD)."
"7b06da74-893d-4941-9cf6-50c10c8d2c51","System Database Administration","Technical skills","Database Management","Demonstrated ability to install and configure at least one common Database Management System (DBMS) on one or more operating systems.","Administration des bases de données système","Compétences techniques","Gestion des bases de données","Capacité démontrée à installer et à configurer au moins un système de gestion de base de données (SGBD) commun sur un ou plusieurs systèmes d'exploitation."
"b2be140d-c53e-4cdc-b5f6-42dea92cd6bc","Data Discovery and Profiling","Technical skills","Information and Data Governance - Operations","Demonstrated ability to analyze and assess data to identify patterns, anomalies, and data quality issues.","Découverte et profilage de données","Compétences techniques","Gouvernance de l'information et des données - Opérations","Capacité manifeste à analyser et à évaluer des données afin d’y relever les tendances, les anomalies et les problèmes de qualité des données."
"87676486-f5f2-4650-b4c1-73976f35a5c6","Cloud Security","Technical skills","IT Security, Cyber Security","Demonstrated ability to utilize a collection of technologies, policies, services, and security controls to protect an organization’s sensitive data and applications in a cloud environment.","Sécurité infonuagique","Compétences techniques","Sécurité informatique, Cybersécurité","Capacité démontrée à utiliser un ensemble de technologies, de politiques, de services et de contrôles de sécurité pour protéger les données et les applications sensibles d'une organisation dans un environnement infonuagique."
"dec3e80b-e792-42db-a74e-9c302af27ef9","Executive Leadership of information and data governance","Technical skills","Leadership - Executive Technical Skills","Demonstrated ability at the executive level to lead information and data governance initiatives, which may include setting vision and direction, directing implementation and operations, and ensuring delivery of results.","Leadership exécutif de la gouvernance de l'information et des données","Compétences techniques","Leadership - Compétences techniques des cadres","Capacité démontrée au niveau de la direction à diriger des initiatives de la gouvernance de l'information et des données, ce qui peut inclure la définition d'une vision et d'une orientation, la direction de la mise en œuvre et des opérations et l'assurance de l'obtention des résultats."
"0d9bdd0c-9be4-4028-988a-bd59084a33b2","Executive Leadership of data services","Technical skills","Leadership - Executive Technical Skills","Demonstrated ability at the executive level to lead data services initiatives, which may include setting vision and direction, directing implementation and operations, and ensuring delivery of results.","Leadership exécutif des services de données","Compétences techniques","Leadership - Compétences techniques des cadres","Capacité démontrée au niveau des services de données, ce qui peut inclure la définition d'une vision et d'une orientation, la direction de la mise en œuvre et des opérations et l'assurance de l'obtention des résultats."
"3f714c57-5179-416a-8eb8-c1bcdc2ff0e4","Application Access Management","Technical skills","IT Security","Demonstrated ability to effectively control user access to applications and systems by implementing practices that ensure authorized users can interact with specific software, while preventing unauthorized access.","Gestion de l’accès aux applications","Compétences techniques","Sécurité informatique","Capacité démontrée de contrôler efficacement l’accès des utilisateurs aux applications et aux systèmes en mettant en œuvre des pratiques qui garantissent que les utilisateurs autorisés peuvent interagir avec des logiciels particuliers, tout en empêchant les accès non autorisés."
"5fe8545f-09c3-43e1-bfe2-87fa514ed3eb","Evidence Integrity","Technical skills","Cyber Security","Demonstrated ability to maintain the reliability and unaltered state of evidence and organizational records, ensuring that digital documentation and artifacts remain accurate and trustworthy throughout their lifecycle.","Intégrité des données probantes","Compétences techniques","Cybersécurité","Capacité démontrée à maintenir la fiabilité et l’état non altéré des données probantes et des enregistrements organisationnels, en veillant à ce que la documentation et les artéfacts numériques restent précis et fiables pendant tout leur cycle de vie."
"762ce25d-426f-46c0-b0c9-04cd5fa46568","Malware Detection","Technical skills","Cyber Security","Demonstrated ability to identify, document, analyze, and mitigate malicious software (malware) within computer systems and networks.","Détection des logiciels malveillants","Compétences techniques","Cybersécurité","Capacité démontrée de détecter les logiciels malveillants (maliciels), de les documenter et de les analyser au sein des systèmes et des réseaux informatiques, et d’en atténuer les effets."
"8ac10e89-2783-4a8a-87e9-7793209cc9a6","Software Development Life Cycle (SDLC)","Technical skills","Software Solutions - Quality Assurance, Software Solutions - Web Development, IT Planning and Reporting, Software Solutions - Application Development, Digital Business Line Advisory Services","Demonstrated ability to understand and navigate the various stages of software development, including requirements gathering, design, development, testing, deployment, ongoing maintenance, and decommissioning (if needed).","Cycle de vie du développement des logiciels (CVDL)","Compétences techniques","Solutions logicielles - assurance qualité, Solutions logicielles - développement web, Planification et établissement de rapports en matière de la numérique, Solutions logicielles - développement d'applications, Services consultatifs auprès des secteurs de la numérique","Capacité démontrée de comprendre et de franchir les divers stades de développement des logiciels, y compris la collecte des exigences, la conception, le développement, la mise à l’essai, le déploiement, la maintenance continue et la mise hors service (au besoin)."
"ac301c7a-7eff-4490-b52c-ef2974284c5d","Budget and team operations management","Technical skills","Leadership - General Technical Skills","Demonstrated ability to effectively allocate resources, optimize team workflows, and adhere to budget funding levels while achieving operational goals.","Gestion du budget et des opérations de l’équipe","Compétences techniques","Leadership - Compétences techniques générales","Capacité démontrée d’affecter efficacement les ressources, d’optimiser les flux de travail de l’équipe et de respecter les niveaux de financement du budget tout en atteignant les objectifs opérationnels."
"fec0ef01-35cd-4957-81dd-e00e81a5dc67","Database Software Installation Processes and Techniques","Technical skills","Database Management","Demonstrated ability to install and configure database software to ensure proper functionality.","Processus et techniques d’installation des logiciels de base de données","Compétences techniques","Gestion des bases de données","Capacité manifeste à installer et à configurer des logiciels de base de données pour en assurer le bon fonctionnement."
"d1318d64-3e0a-4fe4-81dc-7f2432bcf6dd","IT Software and Hardware Security Requirements","Technical skills","IT Security","Demonstrated ability to identify vulnerabilities, conduct risk assessments and ensure compliance with industry standards whole designing and implementing robust IT software and hardware security requirements.","Exigences en matière de sécurité des logiciels et du matériel informatique","Compétences techniques","Sécurité informatique","Capacité manifeste à repérer les vulnérabilités, à effectuer des évaluations des risques et à assurer la conformité avec les normes de l’industrie dans le cadre de la conception et de la mise en œuvre de robustes exigences en matière de sécurité pour des logiciels et du matériel informatique."
"947410a3-44b0-46cf-be26-c7e7d706397c","Mentoring","Technical skills","Leadership - General Technical Skills","Demonstrated ability to provide advice, guidance, and support to individuals to aid in their professional development.","Mentorat","Compétences techniques","Leadership - Compétences techniques générales","Capacité démontrée de fournir des conseils, des orientations et un soutien à des personnes afin de contribuer à leur perfectionnement professionnel."
"9ee91765-aa20-42e3-9bb1-561e5622f9af","Data Movement","Technical skills","Information and Data Governance - Operations","Demonstrated ability to uphold data integrity and minimize potential downtime when transferring and synchronizing data between different systems, databases, or platforms.","Mouvement des données","Compétences techniques","Gouvernance de l'information et des données - Opérations","Capacité manifeste à préserver l’intégrité des données et à réduire au minimum les possibles temps d’arrêt lors du transfert et de la synchronisation de données entre différents systèmes, différentes bases de données ou différentes plateformes."
"117edd0b-c5f3-4005-a86c-ecbd7eb54384","Quality Assurance Strategies","Technical skills","Software Solutions - Quality Assurance","Demonstrated ability to ensure product standards by implementing rigorous testing processes, identifying defects, and maintaining high standards throughout the software development lifecycle (SDLC).","Stratégies relatives à l’assurance de la qualité","Compétences techniques","Solutions logicielles - assurance qualité","Capacité démontrée à garantir les normes de produit en mettant en œuvre des processus rigoureux de mise à l’essai, en relevant les défauts et en maintenant des normes élevées tout au long du cycle de développement de logiciel (CVDL)."
"9ffa45e7-b4b3-47fc-a65b-6efca624bdf7","Manual Testing","Technical skills","Software Solutions - Quality Assurance","Demonstrated ability to create, manually perform, and document comprehensive test cases that review and test software or applications for errors, defects, and vulnerabilities.","Test manuel","Compétences techniques","Solutions logicielles - assurance qualité","Aptitude démontrée à créer, exécuter manuellement et documenter des cas de test complets qui examinent et testent les logiciels ou les applications pour détecter les erreurs, les anomalies et les vulnérabilités."
"017982f4-fdae-4632-b514-35c367c83050","User-focused mindset","Behavioural skills","Thinking Skills","Demonstrated ability to empathize with users, understand their needs, and incorporate their feedback into the design and development process.","État d’esprit centré sur l’utilisateur","Compétences comportementales","Capacités de raisonnement","Capacité manifeste à se mettre à la place des utilisateurs, à comprendre leurs besoins et à intégrer leurs commentaires au processus de conception et de développement."
"631c4d8b-8c60-42ae-a093-1fb82c45ff27","Risk Management","Technical skills","Thinking Skills, Financial Management","Demonstrated ability to manage identified and potential risks and mitigate threats or uncertainties that can affect an organization. This includes analyzing the likelihood and impact of risks, developing strategies to minimize harm, and monitoring the effectiveness of risk mitigation efforts.","Gestion des risques","Compétences techniques","Capacités de raisonnement, Gestion financière","Capacité manifeste à gérer les risques identifiés et potentiels et à atténuer les menaces ou les incertitudes qui peuvent viser une organisation. Il s’agit notamment d’analyser la probabilité et l’incidence des risques, d’élaborer des stratégies visant à réduire au minimum les dommages et de surveiller l’efficacité des efforts d’atténuation des risques."
"a045a927-3595-46a6-b35c-9c43a7fc3a03","Digital Strategy Development","Technical skills","Digital Project Portfolio Management, IT Planning and Reporting, Digital Business Line Advisory Services","Demonstrated ability to identify key operational, environmental, security, and business factors related to a digital initiative, and then establish business goals and a viable path forward that takes those factors into account.","Élaboration de la stratégie numérique","Compétences techniques","Gestion de portefeuille de projets numériques, Planification et établissement de rapports en matière de la numérique, Services consultatifs auprès des secteurs de la numérique","Capacité démontrée à identifier les principaux facteurs opérationnels, environnementaux, sécuritaires et d’affaires liés à une initiative numérique, puis à établir des objectifs d’affaires et une voie viable qui tienne compte de ces facteurs."
"ea3aa630-c18a-41a2-9e40-04595283b3a9","Accessibility testing","Technical skills","Software Solutions - Quality Assurance","Demonstrated the ability to create, facilitate, and interpret data from manual and/or automated tests that are designed to highlight accessibility concerns. These tests include but are not limited to the product's interface design, the use of assistive technologies, written content, and cognitive usability.","Tests d’accessibilité","Compétences techniques","Solutions logicielles - assurance qualité","Capacité démontrée à créer, de simplifier et d’interpréter des données provenant de tests manuels ou automatisés conçus pour mettre en évidence les problèmes d’accessibilité. Ces tests portent notamment sur la conception de l’interface du produit, l’utilisation des technologies d’assistance, le contenu écrit et la facilité d’utilisation cognitive."
"e1cd7789-e9ce-414b-b721-13561e233916","Performance Optimization","Technical skills","Software Solutions - Quality Assurance","Demonstrated ability to analyze, assess and optimize the end-to-end development and functionality of an application to improve the application speed and responsiveness.","Optimisation de la performance","Compétences techniques","Solutions logicielles - assurance qualité","Capacité avérée à analyser, évaluer et optimiser le développement et la fonctionnalité de bout en bout d’une application afin d’améliorer sa vitesse et sa réactivité."
"f4ea82f7-bed4-4190-9ae7-2595aa624e43","Microsoft Project","Technical skills","Programming Languages, Frameworks, and Tools","Demonstrated ability to use this project management software to initiate, oversee, and monitor projects from planning to completion.","Microsoft Project","Compétences techniques","Langages de programmation, frameworks et outils","Capacité démontrée à utiliser ce logiciel de gestion de projet pour créer, superviser et surveiller des projets, de la conception jusqu’à l’achèvement."
"084e281c-58eb-4da2-a5e7-c57bf5dadcf0","Release Management","Technical skills","Software Solutions - Quality Assurance","Demonstrated ability to oversee the development, testing, and deployment of software’s to ensure the standards meet client expectations.","Gestion des versions","Compétences techniques","Solutions logicielles - assurance qualité","Capacité avérée à superviser le développement, les tests et le déploiement de logiciels afin de s’assurer que les normes répondent aux attentes des clients."
"e4eb7ddc-e546-4535-a0eb-afec623041f4","Character Leadership","Behavioural skills","Leadership - Executive Behaviours","Demonstrated ability to use ones current and past experiences to make decisions that exercise judgement, develop strong leaders, support well-beings of employees, and enable organizational excellence.","Leadership de caractère","Compétences comportementales","Leadership - Comportements des cadres","Capacité démontrée à utiliser ses expériences actuelles et passées pour prendre des décisions qui permettent de faire preuve de discernement, de former des dirigeants forts, de soutenir le bien-être des employés et de favoriser l'excellence organisationnelle"
"3284462d-795e-42d4-80c0-2d2bf48673c0","Executive Leadership of Software Solutions","Technical skills","Leadership - Executive Technical Skills","Demonstrated ability at the executive level to lead Software Solutions initiatives, which may include setting vision and direction, directing implementation and operations, and ensuring delivery of results","Leadership exécutif des solutions logicielles","Compétences techniques","Leadership - Compétences techniques des cadres","Capacité démontrée au niveau de la direction à diriger des initiatives de solutions logicielles, ce qui peut inclure la définition d'une vision et d'une orientation, la direction de la mise en œuvre et des opérations et la garantie de l'obtention des résultats."
"eec1c25f-5ffe-4c98-8a39-e79e58235acb","Executive Leadership of Database Management","Technical skills","Leadership - Executive Technical Skills","Demonstrated ability at the executive level to lead Database Management initiatives, which may include setting vision and direction, directing implementation and operations, and ensuring delivery of results","Leadership exécutif de la gestion de bases de données","Compétences techniques","Leadership - Compétences techniques des cadres","Capacité démontrée au niveau de la direction à diriger des initiatives de gestion de bases de données, ce qui peut inclure la définition d'une vision et d'une orientation, la direction de la mise en œuvre et des opérations et la garantie de l'obtention des résultats."
"4f8f7a97-6948-4a5a-9d1d-18607894c681","Executive Leadership of Digital Business Line Advisory Services","Technical skills","Leadership - Executive Technical Skills","Demonstrated ability at the executive level to lead Digital Business Line Advisory Services, which may include setting vision and direction, directing implementation and operations, and ensuring delivery of results","Leadership exécutif des services consultatifs auprès des secteurs de la numérique","Compétences techniques","Leadership - Compétences techniques des cadres","Capacité démontrée au niveau de la direction à diriger les services consultatifs auprès des secteurs de la numérique, ce qui peut inclure la définition d'une vision et d'une orientation, la direction de la mise en œuvre et des opérations et la garantie de l'obtention des résultats"
"03c7e8ef-4169-4422-b392-fe177d1fee0f","Executive Leadership of Digital Project Portfolio Management","Technical skills","Leadership - Executive Technical Skills","Demonstrated ability at the executive level to lead Digital Project Portfolio Management initiatives, which may include setting vision and direction, directing implementation and operations, and ensuring delivery of results","Leadership exécutif de la gestion de portefeuille de projets numériques","Compétences techniques","Leadership - Compétences techniques des cadres","Capacité démontrée au niveau de la direction à diriger des initiatives de gestion de portefeuille de projets numériques, ce qui peut inclure la définition d'une vision et d'une orientation, la direction de la mise en œuvre et des opérations et la garantie de l'obtention des résultats"
"d3a704a9-b777-4d8f-8e6d-9b2966414ad0","Executive Leadership of Digital Planning and Reporting","Technical skills","Leadership - Executive Technical Skills","Demonstrated ability at the executive level to lead Digital Planning and Reporting initiatives, which may include setting vision and direction, directing implementation and operations, and ensuring delivery of results","Leadership exécutif de la planification et établissement de rapports en matière de la numérique","Compétences techniques","Leadership - Compétences techniques des cadres","Capacité démontrée au niveau de la direction à diriger des initiatives de planification et établissement de rapports en matière de la numérique, ce qui peut inclure la définition d'une vision et d'une orientation, la direction de la mise en œuvre et des opérations et la garantie de l'obtention des résultats"
"b9b1bd88-4a4c-4410-9811-46d03f7f31ea","Executive Leadership of IT Security and Cyber","Technical skills","Leadership - Executive Technical Skills","Demonstrated ability at the executive level to lead IT Security and Cyber initiatives, which may include setting vision and direction, directing implementation and operations, and ensuring delivery of results","Leadership exécutif de la sécurité informatique et de la cybersécurité","Compétences techniques","Leadership - Compétences techniques des cadres","Capacité démontrée au niveau de la direction à diriger des initiatives de sécurité informatique et de cybersécurité, ce qui peut inclure la définition d'une vision et d'une orientation, la direction de la mise en œuvre et des opérations et l'assurance de l'obtention des résultats."
"a2d533a2-8479-492a-9653-9be2cc377508","Executive Leadership of Infrastructure Operations","Technical skills","Leadership - Executive Technical Skills","Demonstrated ability at the executive level to lead Infrastructure Operations initiatives, which may include setting vision and direction, directing implementation and operations, and ensuring delivery of results","Leadership exécutif des opérations d’infrastructure","Compétences techniques","Leadership - Compétences techniques des cadres","Capacité démontrée au niveau de la direction à diriger des initiatives d'opérations d'infrastructure, ce qui peut inclure la définition d'une vision et d'une orientation, la direction de la mise en œuvre et des opérations et l'assurance de l'obtention des résultats."
"0639b9a1-4db7-4985-8d23-88a333690bc4","Microsoft Defender","Technical skills","Programming Languages, Frameworks, and Tools","Demonstrated ability to apply concrete knowledge of this antivirus software when working on a variety of projects.","Microsoft Defender","Compétences techniques","Langages de programmation, frameworks et outils","Capacité démontrée à appliquer des connaissances concrètes de ce logiciel antivirus dans le cadre de divers projets."
"95e63a37-2a31-4338-a7f3-f8112aae2b3e","M365 Administration","Technical skills","Programming Languages, Frameworks, and Tools","Demonstrated ability to manage the deployment, use, maintenance, and support of the Microsoft 365 platform, which includes user management, data security, and compliance within an organization.","Administration M365","Compétences techniques","Langages de programmation, frameworks et outils","Capacité démontrée à gérer le déploiement, l'utilisation, la maintenance et le support de la plateforme Microsoft 365, ce qui inclut la gestion des utilisateurs, la sécurité des données et la conformité au sein d'une organisation."
"d575ca8c-7a3c-43bd-aa01-4aa2988983be","PowerShell","Technical skills","Programming Languages, Frameworks, and Tools","Demonstrated ability to apply concrete knowledge of this tool to task automation and configuration management processes in a Microsoft environment.","PowerShell","Compétences techniques","Langages de programmation, frameworks et outils","Capacité démontrée à appliquer des connaissances concrètes de cet outil aux processus d'automatisation des tâches et de gestion de la configuration dans un environnement Microsoft."
"f9286f8d-f971-49c8-8002-7fc06d0eb044","Microsoft Purview","Technical skills","Programming Languages, Frameworks, and Tools","Demonstrated ability to apply concrete knowledge of this suite of tools to discover, classify and explore data in various environments.","Microsoft Purview","Compétences techniques","Langages de programmation, frameworks et outils","Capacité démontrée à appliquer une connaissance concrète de cette suite d'outils pour trouver, classer et explorer des données dans divers environnements."
"b68870a0-2f60-4e68-9cec-7199560f3f6f","SharePoint Administration","Technical skills","Programming Languages, Frameworks, and Tools","Demonstrated ability to configure SharePoint. This may include integrating Office 365 applications.","Administration de SharePoint","Compétences techniques","Langages de programmation, frameworks et outils","Capacité démontrée à configurer SharePoint. Cela peut inclure l'intégration d'applications Office 365."
"804fe285-53f5-43a1-9d90-68bcbb6edb4c","Power Platform Administration","Technical skills","Programming Languages, Frameworks, and Tools","Demonstrated ability to manage and optimize Microsoft's Power Platform services including data access and protection and monitoring for applications such as Power Apps, Power Automate, Power Bi, Power Pages, and Power Virtual Agents.","Administration de Power Platform","Compétences techniques","Langages de programmation, frameworks et outils","Capacité démontrée à gérer et optimiser les services Power Platform de Microsoft, y compris l'accès aux données et la protection et la surveillance des applications telles que Power Apps, Power Automate, Power Bi, Power Pages et Power Virtual Agents."
"43913a68-fb55-429b-983a-f188bcb780e1","Domain name system (DNS)","Technical skills","Programming Languages, Frameworks, and Tools","Demonstrated ability to apply concrete knowledge of DNS services to establish and troubleshoot basic physical or software connectivity.","Système de Noms de Domaine (DNS)","Compétences techniques","Langages de programmation, frameworks et outils","Capacité démontrée à appliquer une connaissance concrète des services DNS pour établir et dépanner une connectivité physique ou logicielle de base."
"f66a6056-f298-4930-8f00-70b28c3c1609","Software as a Service (SaaS)","Technical skills","Programming Languages, Frameworks, and Tools","Demonstrated ability to leverage cloud technologies to enhance service delivery and user experience.","Logiciel en tant que service","Compétences techniques","Langages de programmation, frameworks et outils","Capacité démontrée à tirer parti des technologies infonuagiques  pour améliorer la prestation de services et l'expérience utilisateur."
"40baf3a6-a6a7-475c-9384-73153235161a","Geomatics","Technical skills","Programming Languages, Frameworks, and Tools","Demonstrated ability to apply Geomatics principles and techniques in acquiring, managing, analyzing, and interpreting spatial data for diverse applications. This may include utilizing tools such as Geographic Information System (GIS), remote sensing, Global navigation satellite system (GNSS), surveying, and cartography.","Géomatique","Compétences techniques","Langages de programmation, frameworks et outils","Capacité démontrée à appliquer les principes et techniques de la géomatique dans l'acquisition, la gestion, l'analyse et l'interprétation des données spatiales pour diverses applications. Cela peut inclure l'utilisation d'outils tels que les Systèmes d'Information Géographique (SIG), la télédétection, les systèmes de navigation par satellite (GNSS), la topographie et la cartographie."
"be778b9e-be1f-4085-b193-fb82f31acaba","Telecommunications","Technical skills","IT Infrastructure Operations","Demonstrated ability to design, implement, or administer telecommunications systems and networks to ensure reliable communication infrastructure and services.","Télécommunications","Compétences techniques","Opérations d'infrastructure informatique","Capacité démontrée à concevoir, mettre en œuvre ou administrer des systèmes et réseaux de télécommunications pour garantir une infrastructure et des services de communication fiables."
"172bfee4-4adb-406b-a4dd-71e93fa54257","Performance testing","Technical skills","Software Solutions - Quality Assurance","Demonstrated ability to effectively evaluate and document the stability, speed, scalability, and responsiveness of an application by designing and executing comprehensive tests.","Test de performance","Compétences techniques","Solutions logicielles - assurance qualité","Capacité démontrée à évaluer et à documenter efficacement la stabilité, la vitesse, l’évolutivité et la réactivité d’une application en concevant et en exécutant des tests complets."
"d57982b9-41c0-4769-b4a1-3d395f933d7f","SAP Advanced Business Application Programming (ABAP)","Technical skills","Programming Languages, Frameworks, and Tools","Demonstrated ability to apply concrete knowledge of this programming language to develop a variety of business applications within the SAP environment.","Programmation avancée des applications d’entreprise SAP (ABAP)","Compétences techniques","Langages de programmation, frameworks et outils","Capacité démontrée à appliquer des connaissances concrètes liées à ce langage de programmation afin de mettre au point une gamme d’applications d’entreprise dans l’environnement SAP."
"04b29571-7283-4ecd-9677-dfc39bf032d8","Extensible Markup Language (XML)","Technical skills","Programming Languages, Frameworks, and Tools","Demonstrated ability to apply concrete knowledge of this markup language to develop a variety of projects.","Langage de balisage extensible (XML)","Compétences techniques","Langages de programmation, frameworks et outils","Capacité démontrée à appliquer des connaissances concrètes liées à ce langage de balisage afin d’élaborer divers projets."
"af4e29e0-8127-4717-8d72-d87272df11b4","Electronic Business using eXtensible Markup Language (EbXML)","Technical skills","Programming Languages, Frameworks, and Tools","Demonstrated ability to apply concrete knowledge of this framework to standardize the secure exchange of business data for consistent data exchange.","Commerce électronique utilisant le langage de balisage extensible (EbXML)","Compétences techniques","Langages de programmation, frameworks et outils","Capacité démontrée à appliquer des connaissances concrètes liées à ce cadre afin de normaliser les échanges sécurisés de données opérationnelles et d’assurer ainsi un échange de données cohérent."
"5015ec47-2db3-4256-ad0a-9a37e5aa0145","Full Stack development","Technical skills","Programming Languages, Frameworks, and Tools","Demonstrated ability to develop, deploy and maintain end-to-end applications, including both front-end user interfaces and back-end server logic. This includes front-end technologies such as HTML, CSS, and JavaScript and back-end technologies such as databases, server-side languages, and APIs.","Développement pile complète","Compétences techniques","Langages de programmation, frameworks et outils","Capacité démontrée à développer, déployer et maintenir des applications de bout en bout, y compris les interfaces utilisateur-ordinateur frontales et la logique de serveur dorsal. Cela comprend les technologies frontales telles que HTML, CSS et JavaScript et les technologies dorsales telles que les bases de données, les langages côté serveur et les API."
"f4a6fdf3-9b28-4123-8956-3ea5d0b09eef","Design Systems","Technical skills","Software Solutions - Product Design","Demonstrated ability to create reusable components and apply knowledge of design principals such as typography, color theory, layout and visual hierarchy to produce consistent and efficient digital products while maintaining brand identity.","Systèmes de design","Compétences techniques","Solutions logicielles - Conception de produits","Capacité démontrée à créer des composants réutilisables et à appliquer des connaissances en matière de principes de design tels que la typographie, la théorie des couleurs, la mise en page et la hiérarchie visuelle pour produire des produits numériques cohérents et efficaces tout en préservant l'identité de marque."
"7af8ca2c-fbce-4b57-8b46-a1fe1035d21d","Practical Extraction and Reporting Language (Perl)","Technical skills","Programming Languages, Frameworks, and Tools","Demonstrated ability to apply concrete knowledge of this programming language that supports procedural and object-oriented scripting to develop a variety of projects.","Langage Pratique d'Extraction et de Rapport (Perl)","Compétences techniques","Langages de programmation, frameworks et outils","Capacité démontrée à appliquer une connaissance concrète de ce langage de programmation qui soutient le scripting procédural et orienté objet pour développer une variété de projets."
"78d47fc7-b624-44b5-a98a-473c132cf181","Geographic Information System (GIS) product suites","Technical skills","Programming Languages, Frameworks, and Tools","Demonstrated ability to use a collection of software tools and applications designed to support spatial data management analysis, visualization, and decision making. This may include products such as ArcGUIS Online, ArcGIS Pro, ArcGIS Enterprise, IGiS Enterprise Suite, QGIS, GRASS GIS and related.","Suites de produits de Système d'Information Géographique (SIG)","Compétences techniques","Langages de programmation, frameworks et outils","Capacité démontrée à utiliser une collection d'outils logiciels et d'applications conçus pour soutenir la gestion des données spatiales, l'analyse, la visualisation et la prise de décision. Cela peut inclure des produits tels que ArcGIS Online, ArcGIS Pro, ArcGIS Enterprise, IGiS Enterprise Suite, QGIS, GRASS GIS et apparentés."
"dd9025e7-5b2c-4db7-84f6-dbb1e765ae32","SAP High-Performance Analytic Appliance (SAP HANA)","Technical skills","Programming Languages, Frameworks, and Tools","Demonstrated ability to apply concrete knowledge of this in-memory, column-oriented relational database management system to process, store, analyze, and query data.","SAP High-Performance Analytic Appliance (SAP HANA)","Compétences techniques","Langages de programmation, frameworks et outils","Capacité démontrée à appliquer une connaissance concrète de ce système de gestion de base de données relationnelle en mémoire et orienté colonnes pour traiter, stocker, analyser et interroger des données."
"790001ba-0d32-4232-916c-3250bd1a9b55","SAP Human Capital Management (HCM)","Technical skills","Programming Languages, Frameworks, and Tools","Demonstrated ability to leverage this software solution for managing and optimizing human resources processes.","SAP Human Capital Management (HCM)","Compétences techniques","Langages de programmation, frameworks et outils","Capacité démontrée à exploiter cette solution logicielle pour gérer et optimiser les processus des ressources humaines."
"ca66cf5a-19a3-4067-8ad4-e8f6a2bedacd","SAP Basis","Technical skills","Programming Languages, Frameworks, and Tools","Demonstrated ability to apply concrete knowledge of foundational SAP concepts and features to enable applications to be interoperable and portable across operating systems and database products.","SAP Basis","Compétences techniques","Langages de programmation, frameworks et outils","Capacité démontrée à appliquer une connaissance concrète des concepts fondamentaux et des fonctionnalités de SAP pour permettre aux applications d'être interopérables et portables à travers les systèmes d'exploitation et les produits de base de données."
"ae4e7445-7b9e-4b14-920d-0d1ab6e3f6d6","SAP Data Services","Technical skills","Programming Languages, Frameworks, and Tools","Demonstrated ability to apply concrete knowledge of this enterprise information management solution for migration of data, text analysis, data quality and interconnectivity between SAP and non-SAP systems.","SAP Data Services","Compétences techniques","Langages de programmation, frameworks et outils","Capacité démontrée à appliquer une connaissance concrète de cette solution de gestion d'information d'entreprise pour la migration des données, l'analyse de texte, la qualité des données et l'interopérabilité entre les systèmes SAP et non-SAP."
"2d303c4b-6e06-44d7-b2d1-173400d5ab8e","SAP Datasphere","Technical skills","Programming Languages, Frameworks, and Tools","Demonstrated ability to leverage this comprehensive data service for data integration, data cataloguing, semantic modeling, data warehousing, and data federation.","SAP Datasphere","Compétences techniques","Langages de programmation, frameworks et outils","Capacité démontrée à exploiter ce service de données complet pour l'intégration de données, le catalogage des données, la modélisation sémantique, l'entrepôt de données et la fédération des données."
"f3d9028f-aad3-4522-883f-4419c3dadb51","SAP Lumira","Technical skills","Programming Languages, Frameworks, and Tools","Demonstrated ability to leverage this solution to develop a variety of products such as interactive maps, charts, infographics, dashboards and business intelligence (BI) applications.","SAP Lumira","Compétences techniques","Langages de programmation, frameworks et outils","Capacité démontrée à exploiter cette solution pour développer une variété de produits tels que des cartes interactives, des graphiques, des infographies, des tableaux de bord et des applications d'informatique décisionnelle (BI)."
"7bbfa138-9a26-4c50-ab1b-6fea6b56aedf","Geographic Information System Portal (GIS Portal)","Technical skills","Software Solutions - Web Development","Demonstrated ability to develop, configure, and manage a web-based platform to provide access to  geospatial data, tools, and services for visualization, analysis, and decision-making purposes.","Un portail Système d'Information Géographique (un portal SIG)","Compétences techniques","Solutions logicielles - développement web","Capacité démontrée à développer, configurer et gérer des portails SIG, facilitant l'accès aux données géospatiales, aux outils et aux services pour la visualisation, l'analyse et la prise de décision."
"344929f8-0c8d-4536-b127-fd53a4d8229f","Geographic Information System (GIS) development","Technical skills","Software Solutions - Application Development","Demonstrated ability to develop and implement Geographic Information Systems (GIS) solutions, including data collection, spatial analysis, and visualization, for various applications.","Développement de Système d'Information Géographique (SIG)","Compétences techniques","Solutions logicielles - développement d'applications","Capacité démontrée à développer et mettre en œuvre des solutions de Systèmes d'Information Géographique (SIG), incluant la collecte de données, l'analyse spatiale et la visualisation, pour diverses applications."
"dc073f12-8f92-4ac8-a0dc-5f8cf80b9931","Data Analysis Expressions (DAX)","Technical skills","Data Services - Data Analytics","Demonstrated ability to apply concrete knowledge of this formula expression language to create custom calculations and aggregations in products such as Analysis Services, Power BI and Power Pivot.","Data Analysis Expressions (DAX)","Compétences techniques","Services de données - Analyse de données","Capacité démontrée à appliquer une connaissance concrète de ce langage d'expression de formules pour créer des calculs personnalisés et des agrégations dans des produits tels que Analysis Services, Power BI et Power Pivot."
"a6f7f15f-2146-4edd-a413-a86797766453","Cloud Migration","Technical skills","Enterprise Architecture","Demonstrated ability to effectively transfer organizational data, applications, and processes from on-premises infrastructure to cloud environments.","Migration vers le cloud","Compétences techniques","Architecture intégrée","Capacité démontrée à transférer efficacement les données organisationnelles, les applications et les processus de l'infrastructure sur site vers des environnements cloud."
"d34d3fd9-8fd9-4577-b58d-67315ef5cb52","Database Migration","Technical skills","Enterprise Architecture","Demonstrated ability to plan, execute, and manage the migration of databases to ensure data integrity, minimal downtime, and optimal performance. For example from on-premises systems to cloud-based environments.","Migration de base de données","Compétences techniques","Architecture intégrée","Capacité démontrée à planifier, exécuter et gérer la migration de bases de données pour garantir l'intégrité des données, un temps d'arrêt minimal et des performances optimales. Par exemple, de systèmes sur site vers des environnements basés sur le cloud."
"11d466e2-e0c8-4407-9855-7a0b6be9f9cc","Structured Query Language - Procedural Language (PL/SQL)","Technical skills","Programming Languages, Frameworks, and Tools","Demonstrated ability to apply concrete knowledge of this extension of SQL to write procedural code, such as loops, conditions and error handling.","Langage de requête structurée - Langage procédural (PL/SQL)","Compétences techniques","Langages de programmation, frameworks et outils","Capacité démontrée à appliquer une connaissance concrète de cette extension de SQL pour écrire du code procédural, tel que des boucles, des conditions et la gestion des erreurs."
"ea2cd4ba-98ab-4556-9d65-adb919d8963f","IT Governance Documentation","Technical skills","IT Planning and Reporting","Demonstrated ability to craft comprehensive governance documentation such as Authority to Operate (ATO), Concept of Operations (ConOps), and Standard Operating Procedures (SOP).","Documentation de gouvernance des technologies de l'information","Compétences techniques","Planification et établissement de rapports en matière de la numérique","Capacité démontrée à élaborer une documentation de gouvernance complète telle que l'Autorisation d'Exploitation (ATO), le Concept d'Opérations (ConOps) et les Procédures Opérationnelles Standard (SOP)."
"0b70c650-4e3d-46b7-bd50-33e9eb178c97","Power Query (M)","Technical skills","Programming Languages, Frameworks, and Tools","Demonstrated ability to use this tool to connect, transform and prepare data within Microsoft products for a variety of projects.","Power Query (M)","Compétences techniques","Langages de programmation, frameworks et outils","Capacité démontrée à utiliser ce logiciel pour connecter, transformer et préparer des données pour une variété de projets."
"1f6a2452-7868-4551-b15e-af432f69c5eb","Microsoft Fabric","Technical skills","Data Services - Data Analytics","Demonstrated ability to leverage this software as a service for end-to-end analytics to enable unified data management, governance and discovery.","Microsoft Fabric","Compétences techniques","Services de données - Analyse de données","Capacité démontrée à exploiter ce logiciel en tant que service pour des analyses de bout en bout afin de permettre une gestion unifiée des données, la gouvernance et la découverte."
"606203da-3d06-4bf1-b611-058be5897891","SQL Server Reporting Services (SSRS)","Technical skills","Data Services - Data Analytics","Demonstrated ability to use these on-premises tools and services to create, deploy and manage paginated reports for a variety of projects.","Services de Rapports SQL Server (SSRS)","Compétences techniques","Services de données - Analyse de données","Capacité démontrée à utiliser ces outils et services sur site pour créer, déployer et gérer des rapports paginés pour divers projets."
"dc2eca08-82a5-4d0d-a447-a77557957a8d","SAP BusinessObjects Business Intelligence","Technical skills","Data Services - Data Science, Data Services - Data Analytics, Data Services - Data Systems Operations, Software Solutions - Product Design","Demonstrated ability to apply concrete knowledge of this suite of business intelligence (BI) tools for data reporting, visualization and analysis.","SAP BusinessObjects Business Intelligence","Compétences techniques","Services de données - Science des données, Services de données - Analyse de données, Services de données - Opérations des systèmes de données, Solutions logicielles - Conception de produits","Capacité démontrée à appliquer une connaissance concrète de cette suite d'outils d'informatique décisionnelle (BI) pour le reporting, la visualisation et l'analyse des données."
"c1b0db8b-c065-4783-9cb3-17990b610566","Azure Data Lake","Technical skills","Data Services - Data Analytics","Demonstrated ability to leverage this cloud-based solution to design, implement and manage scalable architectures for diverse data types and advanced analytics.","Azure Data Lake","Compétences techniques","Services de données - Analyse de données","Capacité démontrée à exploiter cette solution basée sur le cloud pour concevoir, mettre en œuvre et gérer des architectures évolutives pour différents types de données et des analyses avancées."
"040c1e03-e998-4ac4-88ca-8106db940ae1","Azure Synapse Pipelines","Technical skills","Programming Languages, Frameworks, and Tools","Demonstrated ability to leverage this enterprise analytics service for data integration by creating data-driven workflows for orchestrating data movement and transforming data at scale.","Pipelines Azure Synapse","Compétences techniques","Langages de programmation, frameworks et outils","Capacité démontrée à tirer parti de ce service d'analyse d'entreprise pour l'intégration des données en créant des flux de travail axés sur les données pour orchestrer le mouvement des données et les transformer à grande échelle."
"d8c73e6f-c47d-490e-8601-f204ddbcfdb3","Power BI Report Server","Technical skills","Data Services - Data Analytics","Demonstrated ability to configure this tool and publish Power BI reports on-premise.","Serveur de rapports Power BI","Compétences techniques","Services de données - Analyse de données","Capacité démontrée à configurer cet outil et à publier des rapports Power BI sur site."
"6cba08a4-e38b-4d8f-b0c3-bbf95bc3f544","Power BI Service","Technical skills","Data Services - Data Analytics","Demonstrated ability to configure this tool and deploy, manage, and optimize Power BI reports in the Azure cloud.","Service Power BI","Compétences techniques","Services de données - Analyse de données","Capacité démontrée à déployer, gérer et optimiser des rapports à l'aide du service de rapports Power BI dans le nuage informatique Azure."
"0c65723e-d148-4b71-a783-7ea7554bc9b0","Azure DevOps","Technical skills","Programming Languages, Frameworks, and Tools","Demonstrated ability to leverage this product suite for comprehensive software development lifecycle management to streamline development processes and enhance team collaboration and productivity. This may include source code management, project planning, build automation, testing, and release management.","Azure DevOps","Compétences techniques","Langages de programmation, frameworks et outils","Capacité démontrée à exploiter cet outil pour la gestion complète du cycle de vie du développement logiciel afin de rationaliser les processus de développement, d'améliorer la collaboration et la productivité de l'équipe. Cela peut inclure la gestion du code source, la planification de projet, l'automatisation des builds, les tests et la gestion des versions."
"5162f3b1-1c92-4552-998a-4cb9aa948f54","Azure Synapse","Technical skills","Data Services - Data Analytics","Demonstrated ability to leverage this enterprise analytics service for unified data integration, engineering, warehousing, data science, real-time analytics, or business intelligence.","Azure Synapse","Compétences techniques","Services de données - Analyse de données","Capacité démontrée à tirer parti de ce service d'analyse d'entreprise pour l'intégration unifiée des données, l'ingénierie, l'entreposage, la science des données, l'analyse en temps réel ou l'intelligence d'affaires."
"b4120c3c-004a-4844-8912-d05d7480b6a8","Dimensional Data Modelling","Technical skills","Data Services - Data Analytics","Demonstrated ability to apply concrete knowledge of this technique to structure data into measurable, quantitative data points and attributes for streamlined analysis and reporting within data warehousing and business intelligence contexts.","Modélisation dimensionnelle des données","Compétences techniques","Services de données - Analyse de données","Capacité démontrée à appliquer des connaissances concrètes de cette technique pour structurer les données en points de données mesurables et quantitatifs ainsi que des attributs pour une analyse et un rapport simplifiés dans les contextes de l'entreposage de données et de l'intelligence d'affaires."
"a51bb0b0-5f0f-4e8f-bc8b-d3c1aac8cc5e","Front-end development","Technical skills","Software Solutions - Web Development, Software Solutions - Application Development","Demonstrated ability to build client-side functionalities of web applications. This includes using programming languages such as HTML, CSS, React, or JavaScript to build the user interface and visual elements of applications.","Développement frontal","Compétences techniques","Solutions logicielles - développement web, Solutions logicielles - développement d'applications","Capacité démontrée à créer des fonctionnalités côté client pour les applications Web. Il s’agit notamment d’utiliser des langages de programmation tels que HTML, CSS, React ou JavaScript pour bâtir l’interface utilisateur et les éléments visuels des applications."
"713f8a61-396b-4442-8b7f-68ea6aad7f4e","Test Documentation","Technical skills","Data Services - Data Analytics","Demonstrated ability to create and manage various test artifacts to ensure thorough quality assurance throughout the software development lifecycle. This may include test plans, test cases, test scripts, test reports, traceability matrices, or defect logs.","Documentation des tests","Compétences techniques","Services de données - Analyse de données","Capacité démontrée à créer et à gérer divers artefacts de test afin de garantir une assurance qualité complète tout au long du cycle de développement du logiciel. Cela peut inclure des plans de test, des cas de test, des scripts de test, des rapports de test, des matrices de traçabilité ou des registres de défauts."
"749ce76d-5695-42b7-9056-20274fb66c1e","Power BI","Technical skills","Financial Management, Data Services - Data Analytics","Demonstrated ability to apply concrete knowledge of this tool to analyze, design, develop and implement Power BI reports and dashboards.","Power BI","Compétences techniques","Gestion financière, Services de données - Analyse de données","Capacité démontrée à appliquer une connaissance concrète de cet outil pour analyser, concevoir, développer et mettre en œuvre des rapports et des tableaux de bord Power BI."
"ff1f9ed0-a4e2-47b9-834d-92567e86d8c8","Azure SQL Managed Instance","Technical skills","Programming Languages, Frameworks, and Tools","Demonstrated the ability in managing and configuring environments to optimize secure, scalable, and high-performing database solutions. This includes the migration of on-premises SQL Server databases to Azure, implementation of high availability and disaster recovery solutions, and seamless integration with other Azure services.","Instance gérée de Azure SQL","Compétences techniques","Langages de programmation, frameworks et outils","Capacité démontrée à gérer et configurer des environnements pour optimiser des solutions de bases de données sécurisées, évolutives et performantes. Cela inclut la migration des bases de données SQL Server sur site vers Azure, l'implémentation de solutions de haute disponibilité et de reprise après sinistre, ainsi que l'intégration transparente avec d'autres services Azure."
"b0bd7731-9a2c-438f-9820-afbf15d31779","Azure SQL Database","Technical skills","Programming Languages, Frameworks, and Tools","Demonstrated ability to leverage this platform as a service (PaaS) database engine to optimize and support cloud applications on a variety of projects.","Azure SQL Database","Compétences techniques","Langages de programmation, frameworks et outils","Capacité démontrée à tirer parti de ce moteur de base de données en tant que service (PaaS) pour optimiser et prendre en charge des applications cloud dans divers projets."
"897cb76e-af8e-4fe2-b087-ee80fb943c5d","SQL Server Analysis Services (SSAS) Tabular","Technical skills","Data Services - Data Analytics","Demonstrated ability to leverage the tabular modeling services in this data engine to develop and manage analytical data models.","SQL Server Analysis Services (SSAS) Tabular","Compétences techniques","Services de données - Analyse de données","Capacité démontrée à exploiter les services de modélisation tabulaire dans ce moteur de données pour développer et gérer des modèles de données analytiques."
"68ee038f-9fc9-4449-90ad-c3fe23b9f843","On-Premise Data Gateway","Technical skills","Programming Languages, Frameworks, and Tools","Demonstrated ability to configure and manage On-Premises Data Gateways for seamless data transfer between on-premises data sources and Microsoft cloud services.","Passerelle de données sur site","Compétences techniques","Langages de programmation, frameworks et outils","Capacité démontrée à configurer et gérer des passerelles de données sur site pour un transfert de données fluide entre les sources de données sur site et les services cloud de Microsoft."
"a1220a43-19be-4ffb-bca9-fc7b86084440","Power BI Desktop","Technical skills","Data Services - Data Analytics","Demonstrated ability to utilize this tool for creating interactive visualizations and business intelligence reports, including the development of dashboards and data models.","Power BI Desktop","Compétences techniques","Services de données - Analyse de données","Capacité démontrée à utiliser cet outil pour créer des visualisations interactives et des rapports d'informatique décisionnelle, y compris le développement de tableaux de bord et de modèles de données."
"98570bf5-d196-4275-a8fa-38c253d75141","Self Hosted Integration Runtime (SHIR)","Technical skills","Programming Languages, Frameworks, and Tools","Demonstrated ability to configure and manage Self-Hosted Integration Runtimes (SHIR) in Azure Data Factory, and Synapse pipelines for seamless data integration across private networks.","Runtime d'intégration auto-hébergé (SHIR)","Compétences techniques","Langages de programmation, frameworks et outils","Capacité démontrée à configurer et gérer des Runtimes d'Intégration Auto-hébergés (SHIR) dans Azure Data Factory, ainsi que des pipelines Synapse pour une intégration de données fluide à travers des réseaux privés."
"ae4b4ed7-5321-45ed-9008-3fd5c70ba14c","Digital and IT Project Management","Technical skills","Digital Project Portfolio Management, Digital Business Line Advisory Services","Demonstrated ability to coordinate, oversee and support the advancement of digital and IT projects. This includes establishing accountabilities and objectives, delivering on outcomes, and enabling planning, monitoring, and reporting throughout the project lifecycle.","Gestion de projets numériques et informatiques","Compétences techniques","Gestion de portefeuille de projets numériques, Services consultatifs auprès des secteurs de la numérique","Capacité démontrée à coordonner, superviser et soutenir l’avancement de projets numériques et informatiques. Il s’agit notamment d’établir des responsabilités et des objectifs, d’obtenir des résultats et de permettre la planification, le suivi et la production de rapports tout au long du cycle de vie du projet."
"5764e8aa-704c-40a4-ac3c-17d583b840a6","Data Engineering","Technical skills","Information and Data Governance - Information Architecture","Demonstrated ability to design, build, and maintain data pipelines, ensuring data availability and reliability for analysis and reporting.","Ingénierie des données","Compétences techniques","Gouvernance de l'information et des données - Architecture de l'information","Capacité démontrée à concevoir, construire et maintenir des pipelines de données, en assurant la disponibilité et la fiabilité des données pour l'analyse et les rapports."
"3e610a3d-6061-492f-8352-875a9f1874dd","Extract, Load, and Transform (ELT)","Technical skills","Programming Languages, Frameworks, and Tools","Demonstrated ability to move raw data from source systems directly to target systems, performing necessary transformations within the target environment.","Extraire, Charger et Transformer (ECT)","Compétences techniques","Langages de programmation, frameworks et outils","Capacité démontrée à déplacer des données brutes depuis les systèmes sources directement vers les systèmes cibles, en effectuant les transformations nécessaires au sein de l'environnement cible."
"73630a22-239b-4e88-95d8-d925f32bb012","Data Architecture","Technical skills","Information and Data Governance - Information Architecture","Demonstrated ability to design and manage data structures, databases, and systems, ensuring data integrity, security, and performance.","Architecture des données","Compétences techniques","Gouvernance de l'information et des données - Architecture de l'information","Capacité démontrée à concevoir et à gérer des structures de données, des bases de données et des systèmes, en assurant l'intégrité, la sécurité et la performance des données."
"7d6a3b43-ece6-4ccd-b7e0-6ad63abb2236","Drupal","Technical skills","Programming Languages, Frameworks, and Tools","Demonstrated ability to develop, configure, and manage this open-source content management system to create a variety of web applications. This may include creating custom modules, theming, and optimizing performance to meet specific business needs.","Drupal","Compétences techniques","Langages de programmation, frameworks et outils","Capacité démontrée à développer, configurer et gérer ce système de gestion de contenu libre pour créer une variété d’applications web. Cela peut inclure la création de modules personnalisés, le développement de thèmes et l'optimisation des rendements pour répondre aux besoins opérationnels spécifiques."
"50990152-102c-4062-a800-9280da48d83d","Data Warehousing","Technical skills","Information and Data Governance - Information Architecture","Demonstrated ability to design, implement, and manage efficient, scalable, and secure data warehousing systems. This may include database design, ETL processes, data integration, SQL query optimization, data governance, performance tuning, BI tools, cloud solutions, and scripting.","Entreposage des données","Compétences techniques","Gouvernance de l'information et des données - Architecture de l'information","Capacité démontrée à concevoir, mettre en œuvre et gérer des systèmes d’entreposage de données efficaces, évolutifs et sécurisés. Cela peut inclure la conception de bases de données, les processus ETL, l’intégration de données, l’optimisation des requêtes SQL, la gouvernance des données, l’optimisation des rendements, les outils d’informatique décisionnelle, les solutions infonuagiques et le scriptage."
"18df46f4-b670-4c1e-8506-7aed61f8778a","Digital Preservation","Technical skills","Information and Data Governance - Information Architecture","Demonstrated ability to manage and maintain digital records and archives to ensure long-term preservation and accessibility.","Préservation numérique","Compétences techniques","Gouvernance de l'information et des données - Architecture de l'information","Capacité démontrée à gérer et à conserver des documents et des archives numériques de manière à en assurer la préservation et l’accessibilité à long terme."
"255a8467-3e56-4add-93c3-8b86bb37a6c0","Digital Asset Management","Technical skills","Information and Data Governance - Information Architecture","Demonstrated ability to organize, store, and manage digital assets to ensure their accessibility, usability, and security","Gestion des actifs numériques","Compétences techniques","Gouvernance de l'information et des données - Architecture de l'information","Capacité démontrée à organiser, stocker et gérer des actifs numériques de manière à en assurer l’accessibilité, la facilité d’utilisation et la sécurité."
"c6b98d83-d333-4062-8e69-e0220fee7796","Extract, transform, and load (ETL)","Technical skills","Programming Languages, Frameworks, and Tools","Demonstrated ability to develop, implement, and optimize pipelines by extracting data from various sources, transforming it according to business requirements, and loading it into systems for analytics and reporting purposes.","Extraire, transformer et charger (ETL)","Compétences techniques","Langages de programmation, frameworks et outils","Capacité démontrée à développer, mettre en œuvre et optimiser des pipelines en extrayant des données de diverses sources, en les transformant en fonction des exigences opérationnelles et en les chargeant dans des systèmes à des fins d’analyse et d’établissement de rapports."
"55d4e4ea-6b25-4028-9f14-ecd807dd1720","Thinking things through","Behavioural skills","Thinking Skills","Demonstrated ability to analyze all aspects of a situation, assess risks and potential solutions, and make informed decisions by thoroughly considering all relevant factors.","Réflexion approfondie","Compétences comportementales","Capacités de raisonnement","Capacité démontrée à analyser rigoureusement tous les aspects (facteurs pertinents, risques, solutions potentielles) d’une situation donnée pour prendre des décisions éclairées."
"9aceab16-841c-4d6f-b60a-cca64710fbb4","Tableau","Technical skills","Data Services - Data Science, Financial Management, Data Services - Data Analytics, Data Services - Data Systems Operations","Demonstrated ability to apply concrete knowledge of this tool to create interactive and dynamic visualizations, dashboards and reports.","Tableau","Compétences techniques","Services de données - Science des données, Gestion financière, Services de données - Analyse de données, Services de données - Opérations des systèmes de données","Capacité démontrée à mettre en profit des connaissances de la plateforme Tableau pour créer des représentations visuelles, des tableaux de bord et des rapports interactifs et dynamiques."
"36856c85-136b-4577-9b8b-1f28aeab2878","Data Visualization","Technical skills","Information and Data Governance - Operations, Data Services - Data Science, Financial Management, Data Services - Data Analytics, Information and Data Governance - Information Architecture","Demonstrated ability to leverage data visualization tools to develop and create insightful visual representations of data for analysis and communication of complex information.","Visualisation de données","Compétences techniques","Gouvernance de l'information et des données - Opérations, Services de données - Science des données, Gestion financière, Services de données - Analyse de données, Gouvernance de l'information et des données - Architecture de l'information","Capacité démontrée à utiliser des outils de visualisation de données pour développer et créer des représentations visuelles pertinentes des données en vue de leur analyse et de la communication d'informations complexes."
"3794dcb4-c078-4154-bd06-389c466f8b09","Technology Architecture","Technical skills","Enterprise Architecture","Demonstrated ability to implement technology infrastructures, select appropriate platforms and tools, and ensure that technological solutions, maintain security and meet performance standards.","Architecture Technologique","Compétences techniques","Architecture intégrée","Capacité démontrée à mettre en œuvre des infrastructures technologiques, à sélectionner des plateformes et des outils appropriés, et à s'assurer que les solutions technologiques maintiennent la sécurité et respectent les normes de performance."
"675086bb-beb3-490e-9271-d1de57aa5f58","Back-end development","Technical skills","Software Solutions - Web Development, Software Solutions - Application Development","Demonstrated ability to build server-side logic, modeling, and data services for applications. This includes using programing languages such as, but not limited to Python, Java, C#, PHP, or JavaScript (Node.js), along with frameworks such as but not limited to ASP.NET, Django, Spring or Express.js.","Développement dorsal","Compétences techniques","Solutions logicielles - développement web, Solutions logicielles - développement d'applications","Capacité démontrée à créer des services de logique, de modélisation et de données côté serveur pour les applications. Cela inclut l’utilisation de langages de programmation tels que Python, Java, C#, PHP ou JavaScript (Node.js), ainsi que des cadres tels qu’ASP.NET, Django, Spring ou Express.js."
"af06b0a5-59de-47bb-87a2-9c1f3560a349","Priority Management","Behavioural skills","Personal Behaviours","Demonstrated ability to sort actions to be taken according to their importance and urgency. This may include consideration of the operational needs of the organization, external factors, impact on stakeholders, and/or existing organizational commitments such as service level agreements.","Gestion des priorités","Compétences comportementales","Comportements personnels","Capacité avérée à trier les actions à entreprendre en fonction de leur importance et de leur urgence. Cela peut inclure la prise en compte des besoins opérationnels de l'organisation, des facteurs externes, de l'impact sur les parties prenantes et/ou des engagements organisationnels existants tels que les accords de niveau de service."
"2e5c1590-9bf7-440d-b326-4537c7efa758","Procedural SQL Programming","Technical skills","Programming Languages, Frameworks, and Tools","Demonstrated ability to develop, implement, and optimize complex SQL queries and procedural logic using programming languages such as T-SQL or PL/SQL to enhance database performance and meet business requirements.","Programmation SQL Procédurale","Compétences techniques","Langages de programmation, frameworks et outils","Capacité démontrée à développer, mettre en œuvre et optimiser des requêtes SQL complexes et de la logique procédurale en utilisant des langages de programmation tels que T-SQL ou PL/SQL pour améliorer la performance des bases de données et répondre aux besoins opérationnels."
"e289f0cf-7d16-427e-9a97-f5174c77c092","Data Integration - ETL/ELT","Technical skills","Information and Data Governance - Operations, Data Services - Data Systems Operations","Demonstrated ability to develop, implement, and manage data integration solutions that seamlessly combine data from diverse sources, ensuring data quality, consistency, and accessibility. This may include extract, transform, and load (ETL) or extract, load, and transform (ELT) processes.","Intégration des données - ETL/ELT","Compétences techniques","Gouvernance de l'information et des données - Opérations, Services de données - Opérations des systèmes de données","Capacité démontrée à développer, mettre en œuvre et gérer des solutions d'intégration de données qui combinent de manière fluide les données provenant de sources diverses, tout en garantissant la qualité, la cohérence et l'accessibilité des données. Cela peut inclure les processus d'extraire, transformer et charger (ETL) ou d'extraire, charger et transformer (ELT)."
"c6580497-a3cf-4934-8981-7a6d8c3f759d","Desktop Management Services","Technical skills","IT Infrastructure Operations","Demonstrated ability to design, implement, integrate or maintain IT desktop solutions to support end-user productivity.  This may include both end-user hardware (desktop, laptops, tablets, etc) and/or the commercial off the shelf software (operating system and office productivity).","Services de bureautique","Compétences techniques","Opérations d'infrastructure informatique","Capacité démontrée à concevoir, mettre en œuvre, intégrer ou maintenir des solutions TI pour les postes de travail afin d’améliorer la productivité des personnes qui les utilisent. Cela peut inclure le matériel informatique (ordinateur de bureau, ordinateur portable, tablette, etc.) et/ou les logiciels commerciaux prêts à l’emploi (système d’exploitation et productivité bureautique)."
"e030028d-c06f-48e7-af0d-4e0e95abf7b5","Business Architecture","Technical skills","Enterprise Architecture, Digital Business Line Advisory Services","Demonstrated ability to analyze and provide recommendations on the optimization of business processes to align organizational structures with strategic goals.","Architecture d’affaires","Compétences techniques","Architecture intégrée, Services consultatifs auprès des secteurs de la numérique","Capacité démontrée à analyser et optimiser les processus d'affaires, à aligner les structures organisationnelles avec les objectifs stratégiques et à créer des modèles qui améliorent l'efficacité et l'efficience opérationnelles."
"dfad6899-75af-405f-af8f-1ee3266c432d","Business Architecture Artifacts","Technical skills","Enterprise Architecture","Demonstrated ability to create, analyze, and manage business architecture artifacts for the purpose of documenting, communicating, or optimizing business operations and strategies. This may include process models, capability maps, organizational charts or other related artifacts.","Artefacts d'architecture d’affaires","Compétences techniques","Architecture intégrée","Capacité démontrée à créer, analyser et gérer des artefacts d'architecture d'entreprise dans le but de documenter, communiquer ou optimiser les opérations et les stratégies de l'organisation. Cela peut inclure des modèles de processus, des cartes des capacités, des organigrammes ou d'autres artefacts connexes."
"4018c09d-7611-42e2-bf51-dfc2777bd774","Cloud Computing Platform Configuration","Technical skills","IT Infrastructure Operations, Enterprise Architecture","Demonstrated ability to set hardware or software system requirements for elements of a cloud environment to make sure they can interoperate and communicate.","Configuration de la plate-forme infonuagique","Compétences techniques","Opérations d'infrastructure informatique, Architecture intégrée","Capacité démontrée à définir les exigences systèmes matérielles ou logicielles pour les éléments d’un environnement infonuagique afin de s’assurer qu’ils peuvent interagir et communiquer."
"81c53330-b779-4571-aea7-45df0451007b","IT Security","Technical skills","IT Security","Demonstrated ability  to provide technical IT services and advice in the development, implementation, integration, support, or maintenance of IT security solutions to protect the confidentiality, availability and integrity of digital assets.","Sécurité de la TI","Compétences techniques","Sécurité informatique","Capacité démontrée à fournir des services et des conseils techniques en matière de TI dans le développement, la mise en œuvre, l'intégration, le soutien ou la maintenance de solutions de sécurité informatique afin de protéger la confidentialité, la disponibilité et l'intégrité des ressources numériques."
"2573ed77-9dd2-4114-9551-e327dabce9da","Microservices architecture","Technical skills","Enterprise Architecture","Demonstrated ability to build, implement, or maintain scalable microservices systems that achieve modularity, efficient inter-service communication, and seamless integration through well-defined application programming interfaces (APIs) and middle-tier services.","Architecture de microservices","Compétences techniques","Architecture intégrée","Capacité démontrée à élaborer, mettre en œuvre et maintenir des systèmes de microservices évolutifs qui rendent possible la modularité, la communication inter services efficace et l’intégration transparente par le biais d’interfaces de programmation d’applications (API) bien définies et de services de niveau intermédiaire."
"3ac8776c-77fd-4429-a71e-e47b56b28cb6","Network Services","Technical skills","IT Infrastructure Operations","Demonstrated ability to design, implement, integrate, or maintain IT network solutions to support the efficient transmission of data within a building, across the country, or internationally.","Services réseau","Compétences techniques","Opérations d'infrastructure informatique","Capacité démontrée à concevoir, mettre en œuvre, intégrer ou maintenir des solutions de réseau TI pour aider à la transmission efficace des données au sein d’un bâtiment ou à l’échelle nationale ou internationale."
"b9dab14a-08b2-4532-9fb1-62621d83a750","Office Software","Technical skills","Access to Information and Privacy, Financial Management","Demonstrated ability to use general office software programs for document creation, communication, or data management. This may include programs such as Excel, Word, Outlook, PowerPoint, Teams, or similar tools.","Logiciels de bureautique","Compétences techniques","Accès à l’information et de la protection des renseignements personnels, Gestion financière","Capacité démontrée à utiliser des logiciels de bureau généraux pour la création de documents, la communication ou la gestion de données. Cela peut inclure des programmes tels qu’Excel, Word, Outlook, PowerPoint, Teams ou d’outils similaires."
"ce50417c-9926-4564-b212-f0b9e9665753","Cloud Solutions","Technical skills","IT Infrastructure Operations, Enterprise Architecture","Demonstrated ability to provide advice and guidance in the deployment, integration, optimization, administration or adoption of cloud solutions to enhance operational efficiency and scalability.","Solutions infonuagiques","Compétences techniques","Opérations d'infrastructure informatique, Architecture intégrée","Capacité démontrée à fournir des conseils et des orientations dans le déploiement, l'intégration, l'optimisation, l'administration ou l'adoption de solutions  infonuagiques pour améliorer l'efficacité opérationnelle et l'évolutivité."
"8a593990-af38-4842-af87-4e20cfce5ef3","IT Hosting Services","Technical skills","IT Infrastructure Operations","Demonstrated ability to design, implement, integrate or maintain IT hosting solutions on premises for large organisations. This may include a variety of components and technologies such as facilities, servers, storage, mainframe, high-performance computing, or containers.","Services d'hébergement informatique","Compétences techniques","Opérations d'infrastructure informatique","Capacité démontrée à concevoir, mettre en œuvre, intégrer ou maintenir des solutions d’hébergement TI dans les locaux de grandes organisations. Cela peut inclure divers types d’éléments et de technologies comme des installations, des serveurs, du stockage, des ordinateurs centraux, des ordinateurs de haute performance ou des conteneurs."
"775c2aa6-14a2-441f-a0f4-ab19c09edd2e","Inclusive interactions","Technical skills","GC Digital Competencies","Demonstrated ability to ensure that documents, communications, or interactions are ​accessible, inclusive, equitable and usable by all individuals, regardless of setting.","Interactions inclusives","Compétences techniques","Les compétences numériques du GC","Capacité démontrée à s'assurer que les documents, les communications ou les interactions sont accessibles, inclusifs, équitables et utilisables par tous, quel que soit le contexte."
"42611364-b20d-49e2-8467-f33fdc83e200","Enterprise Architecture","Technical skills","Enterprise Architecture","Demonstrated ability to define an organization's structure and operations using established enterprise architecture frameworks. This may include analyzing and aligning the organization's business, information, data, application, technology, security, or privacy domains, to support the strategic outcomes.","Architecture d'entreprise","Compétences techniques","Architecture intégrée","Capacité démontrée à définir la structure et le fonctionnement d'une organisation en utilisant des cadres d'architecture d'entreprise établis. Cela peut inclure l'analyse et l'alignement des domaines d'activité, d'information, de données, d'application, de technologie, de sécurité ou de confidentialité de l'organisation, afin de soutenir les résultats stratégiques."
"7a1bd9e3-484f-41d4-9be3-98ad03e68ca9","Technical issue documentation","Technical skills","Software Solutions - Quality Assurance, Software Solutions - Web Development, Software Solutions - Application Development, Software Solutions - Product Design","Demonstrated ability to express complex technical concepts in a way that is easy for others to follow and action. This includes recording issues and recommending next steps through the appropriate documentation system. Technical documentation may include bug identification, feature descriptions,  detailed instructions, explanations, troubleshooting steps, test cases, defects, or any important notes.","Documentation sur les problèmes techniques","Compétences techniques","Solutions logicielles - assurance qualité, Solutions logicielles - développement web, Solutions logicielles - développement d'applications, Solutions logicielles - Conception de produits","Capacité démontrée d’exprimer des concepts techniques complexes d’une manière qui soit facile à suivre et à exécuter par les autres. Il s’agit notamment de consigner les problèmes et de recommander les prochaines étapes à suivre au moyen du système de documentation approprié. La documentation technique peut comprendre le recensement des bogues, la description des fonctionnalités, les instructions détaillées, les explications, les étapes de dépannage, les cas d’essai, les défauts ainsi que toute note importante relative à cet effet."
"cc98edd9-b936-4090-ab9d-bd3f62fda23c","SAP Software Solutions","Technical skills","Programming Languages, Frameworks, and Tools","Demonstrated ability to configure, implement, or optimize SAP software solutions to streamline business processes, enhance operational efficiency, and ensure alignment with organizational objectives.","Solutions logicielles SAP","Compétences techniques","Langages de programmation, frameworks et outils","Capacité démontrée à configurer, à mettre en place ou à optimiser des solutions logicielles SAP visant à rationaliser les processus opérationnels, à accroître l’efficacité des opérations et à garantir l’harmonisation avec les objectifs organisationnels."
"c47a50ff-1c1b-4951-9c4d-29938c06b70a","SAP Software Development","Technical skills","Programming Languages, Frameworks, and Tools","Demonstrated ability to design, develop, or implement custom SAP solutions using ABAP or other SAP development tools. This includes ensuring system functionality, integrating with external systems, and meeting business requirements.","Développement logiciel SAP","Compétences techniques","Langages de programmation, frameworks et outils","Capacité démontrée à concevoir, à développer ou à mettre en place des solutions personnalisées à l’aide d’outils logiciels SAP, comme ABAP, notamment pour garantir la fonctionnalité du système, procéder à l’intégration aux systèmes externes et satisfaire aux exigences opérationnelles."
"0639f7ff-6d24-4c9f-9acf-4c5f9c334362","Solution Architecture","Technical skills","Enterprise Architecture","Demonstrated ability to design and implement infrastructure technologies, solutions, or services for various environments. This may include physical infrastructure, software, commercial off-the-shelf (COTS) products, open-source packages, computing, storage, networking, or cloud services such as Platform as a Service or Software as a Service. This may include using technologies such as Azure, AWS, or programming languages such as Java, C#, or Python.","Architecture des solutions","Compétences techniques","Architecture intégrée","Capacité démontrée à concevoir et à mettre en œuvre des technologies, solutions ou services d'infrastructure pour divers environnements. Cela peut inclure des infrastructures physiques, des logiciels, des produits commerciaux prêts à l'emploi, des packages open-source, ainsi que des services de calcul, de stockage, de mise en réseau ou d'infonuagique tels que la plateforme en tant que service (PaaS) ou le logiciel en tant que service (SaaS). Cela peut également inclure l'utilisation de technologies telles qu'Azure, AWS, ou de langages de programmation tels que Java, C# ou Python."
"9c8a25e1-d3da-4f63-b115-c94566b3b013","Business Analysis","Technical skills","IT Infrastructure Operations, Information and Data Governance - Information Architecture, IT Planning and Reporting, Digital Business Line Advisory Services","Demonstrated ability to apply the principles and methods of business analysis in the planning, reengineering, or requirement gathering for business environments, operations or processes. This may include developing artifacts such as user stories, use cases, business cases, process flows, reports, presentations, or analytical summaries.","Analyse d'affaires","Compétences techniques","Opérations d'infrastructure informatique, Gouvernance de l'information et des données - Architecture de l'information, Planification et établissement de rapports en matière de la numérique, Services consultatifs auprès des secteurs de la numérique","Capacité démontrée à appliquer les principes et méthodes d'analyse d'affaires dans la planification, la réingénierie ou la collecte des exigences pour des environnements, opérations ou processus opérationnels. Cela peut inclure le développement d'artefacts tels que des récits utilisateurs, des cas d'utilisation, des études de cas, des flux de processus, des rapports, des présentations ou des résumés analytiques."
"2cdb1487-8421-4d9a-9e3f-32030a345be0","Terraform","Technical skills","Programming Languages, Frameworks, and Tools","Demonstrated ability to design, implement, or manage infrastructure using this open-source infrastructure as code (IaC) tool. This may include managing state and versioning, orchestrating complex deployments, integration with cloud providers, automation of changes, optimizing configurations, or troubleshooting.","Terraform","Compétences techniques","Langages de programmation, frameworks et outils","Capacité démontrée à concevoir, à mettre en place ou à gérer l’infrastructure à l’aide de cet outil libre d’infrastructure en tant que code. Cela peut inclure la gestion de l'état et de la version, l'orchestration de déploiements complexes, l'intégration avec des fournisseurs de services infonuagiques, l'automatisation des modifications, l'optimisation des configurations ou le dépannage."
"71f128ce-79a6-48f9-886a-9e6e96c68d26","Infrastructure as Code (IaC)","Technical skills","Programming Languages, Frameworks, and Tools","Demonstrated ability to apply Infrastructure as Code (IaC) principles to automate and manage infrastructure provisioning, ensuring consistency and reliability across various environments. This may include principles such as version control, automation, or modularization. This may include using tools such as Terraform, Ansible, or AWS CloudFormation.","Infrastructure en tant que code (IaC)","Compétences techniques","Langages de programmation, frameworks et outils","Capacité démontrée à appliquer les principes de l’infrastructure en tant que code (IaC) pour automatiser et gérer le provisionnement de l’infrastructure en garantissant la cohérence et sa fiabilité dans divers environnements. Cela peut inclure des principes tels que le contrôle de version, l'automatisation ou la modularisation. Cela peut inclure l'utilisation d'outils tels que Terraform, Ansible ou AWS CloudFormation."
"16db6680-c151-4e79-bf90-8c24746886ce","Unisys Master Control Program (MCP) Tools","Technical skills","Programming Languages, Frameworks, and Tools","Demonstrated ability to apply concrete knowledge of Unisys Master Control Program (MCP) tools in order to manage, maintain, or optimize mainframe environments. This may include tools such as Asgard, Programmers Workbench, CANDE, ERGO, or Work Flow Language (WFL).","Outils du Programme de Contrôle Maître Unisys (MCP)","Compétences techniques","Langages de programmation, frameworks et outils","Capacité démontrée à appliquer des connaissances concrètes des outils du Programme de Contrôle Maître Unisys (MCP) afin de gérer, maintenir ou optimiser les environnements des ordinateurs centraux. Cela peut inclure des outils tels qu'Asgard, Programmers Workbench, CANDE, ERGO ou Work Flow Language (WFL)."
"bd77b886-cce3-4d4f-8596-833bc3c47fde","Meeting Facilitation","Technical skills","Working in Government","Demonstrated ability to chair or coordinate meetings with technical groups or business clients. This includes facilitating discussions to ensure effective communication and collaboration among participants.","Facilitation de réunions","Compétences techniques","Travailler au sein du gouvernement","Capacité démontrée à présider ou coordonner des réunions avec des groupes techniques ou des clients commerciaux. Cela inclut la facilitation des discussions pour assurer une communication et une collaboration efficaces entre les participants."
"4430f799-a6cc-4bfe-a562-f238b1128a4f","User Interface Development Tools","Technical skills","Programming Languages, Frameworks, and Tools","Demonstrated ability to use common user interface development tools and frameworks to design or develop accessible, intuitive, and responsive designs. This may include using software such as Adobe XD, Figma, Sketch, or front-end development frameworks.","Outils de développement d'interface utilisateur","Compétences techniques","Langages de programmation, frameworks et outils","Capacité démontrée à utiliser des outils et cadres de développement d'interface utilisateur courants pour concevoir ou développer des conceptions accessibles, intuitives et réactives. Cela peut inclure l'utilisation de logiciels tels qu'Adobe XD, Figma, Sketch ou des cadres de développement frontaux."
"389efe00-2935-4ef6-a54a-b035bd26d99f","Prototyping in Code","Technical skills","Software Solutions - Product Design","Demonstrated ability to design and develop models of software systems or features to explore design concepts and validate functionality. This includes using appropriate coding techniques and tools to iterate on designs, gather user feedback, and address technical constraints.","Prototypage en code","Compétences techniques","Solutions logicielles - Conception de produits","Capacité démontrée à concevoir et développer des modèles de systèmes ou de fonctionnalités logiciels afin d'explorer des concepts de conception et valider la fonctionnalité. Cela inclut l'utilisation de techniques et d'outils de codage appropriés pour itérer sur les conceptions, recueillir des retours d'utilisateurs et traiter les contraintes techniques."
"3cc099ac-a02c-4f1e-8eba-e9373f3ee180","Agile Requirements Management","Technical skills","IT Infrastructure Operations, Software Solutions - Quality Assurance, Software Solutions - Web Development, Digital Project Portfolio Management, IT Planning and Reporting, Software Solutions - Application Development, Software Solutions - Product Design, Digital Business Line Advisory Services","Demonstrated ability to gather, define, or prioritize requirements within an Agile framework. This includes facilitating collaboration with cross-functional teams to create user stories, manage the product backlog, and adapt to changing project needs while ensuring alignment with business objectives.","Gestion des exigences Agile","Compétences techniques","Opérations d'infrastructure informatique, Solutions logicielles - assurance qualité, Solutions logicielles - développement web, Gestion de portefeuille de projets numériques, Planification et établissement de rapports en matière de la numérique, Solutions logicielles - développement d'applications, Solutions logicielles - Conception de produits, Services consultatifs auprès des secteurs de la numérique","Capacité démontrée à recueillir, définir ou prioriser des exigences dans un cadre Agile. Cela inclut la facilitation de la collaboration avec des équipes interfonctionnelles pour créer des histoires utilisateur, gérer le carnet produit et s'adapter aux besoins changeants du projet tout en veillant à l'alignement avec les objectifs opérationnels."
"c349786f-3992-4b7d-9c51-5a33d3e80f54","Containerization","Technical skills","Programming Languages, Frameworks, and Tools","Demonstrated ability to package applications and their dependencies into isolated environments for consistent and efficient deployment. This may include using tools such as Docker or container orchestration platforms.","Conteneurisation","Compétences techniques","Langages de programmation, frameworks et outils","Capacité démontrée à empaqueter des applications et leurs dépendances dans des environnements isolés pour un déploiement cohérent et efficace. Cela peut inclure l'utilisation d'outils tels que Docker ou des plateformes d'orchestration de conteneurs."
"ae142e6f-86cb-49fd-ad85-db0c59b1f48a","IT Pipeline Development","Technical skills","Programming Languages, Frameworks, and Tools, Software Solutions - Web Development, Software Solutions - Application Development","Demonstrated ability to design or implement automated workflows for software development. This may include integrating tools such as version control, continuous integration, or deployment systems.","Développement de pipeline TI","Compétences techniques","Langages de programmation, frameworks et outils, Solutions logicielles - développement web, Solutions logicielles - développement d'applications","Capacité démontrée à concevoir ou à mettre en œuvre des flux de travail automatisés pour le développement logiciel. Cela peut inclure l'intégration d'outils tels que le contrôle de version, l'intégration continue ou les systèmes de déploiement."
"04e14c9d-2daf-4c51-bdf8-5c0dc1bc70d3","Solutions Analysis - IT Operations","Technical skills","Software Solutions - Quality Assurance, Software Solutions - Web Development, Software Solutions - Application Development, Enterprise Architecture, Digital Business Line Advisory Services","Demonstrated ability to evaluate and analyze IT solutions to meet business needs and requirements. This may include assessing system capabilities, identifying gaps, and recommending enhancements or alternative solutions to optimize performance and align with organizational goals.","Analyse des solutions - Opérations IT","Compétences techniques","Solutions logicielles - assurance qualité, Solutions logicielles - développement web, Solutions logicielles - développement d'applications, Architecture intégrée, Services consultatifs auprès des secteurs de la numérique","Capacité démontrée à évaluer et analyser des solutions TI afin de répondre aux besoins et exigences de l'entreprise. Cela peut inclure l'évaluation des capacités des systèmes, l'identification des lacunes et la recommandation d'améliorations ou de solutions alternatives pour optimiser les performances et s'aligner sur les objectifs organisationnels."
"4f566a13-58ec-46f2-a069-5a949872bc1b","Project Documentation Development","Technical skills","IT Planning and Reporting, Digital Business Line Advisory Services","Demonstrated ability to produce comprehensive documentation that supports project initiatives throughout the project lifecycle to ensure effective planning and communication. This may include developing business cases, risk frameworks, feasibility studies, options analysis, user stories, or project tracking.","Développement de la documentation de projet","Compétences techniques","Planification et établissement de rapports en matière de la numérique, Services consultatifs auprès des secteurs de la numérique","Capacité démontrée à produire une documentation complète qui soutient les initiatives de projet tout au long du cycle de vie du projet afin d'assurer une planification et une communication efficaces. Cela peut inclure le développement de cas d'affaires, de cadres de risque, d'études de faisabilité, d'analyses d'options, d'histoires utilisateur ou de suivi de projet."
"840a810e-590d-4cf3-893c-e7df41199e48","Functional Specification Development","Technical skills","Software Solutions - Product Design, Digital Business Line Advisory Services","Demonstrated ability to collaborate with technical teams to design and document functional specifications for new applications or system enhancements.","Développement de spécifications fonctionnelles","Compétences techniques","Solutions logicielles - Conception de produits, Services consultatifs auprès des secteurs de la numérique","Capacité démontrée à collaborer avec des équipes techniques pour concevoir et documenter des spécifications fonctionnelles pour de nouvelles applications ou des améliorations de systèmes."
"3da515be-147c-4540-8801-46e0822ed820","Multidisciplinary Team Collaboration - IM/IT","Technical skills","Interpersonal Behaviours","Demonstrated ability to collaborate and contribute across multidisciplinary teams in an Information Management (IM) or Information Technology (IT) environment to achieve shared project goals. This includes working with colleagues from different technical and non-technical backgrounds.","Collaboration au sein d'équipes multidisciplinaires - IM/IT","Compétences techniques","Comportements interpersonnels","Capacité démontrée à collaborer et à contribuer au sein d'équipes multidisciplinaires dans un environnement de gestion de l'information (IM) ou de technologies de l'information (IT) pour atteindre des objectifs de projet communs. Cela inclut le travail avec des collègues de divers  techniques et non techniques."
"6a63ecbc-2162-4f65-aabd-c60522937e1b","Business Process Modeling (BPM)","Technical skills","Information and Data Governance - Information Architecture, Digital Project Portfolio Management, IT Planning and Reporting, Digital Business Line Advisory Services","Demonstrated ability to create, analyze, or optimize business processes using modeling to drive operational efficiency and improve organizational performance. This may include using tools such as Business Process Modeling Notation or Six Sigma.","Modélisation des processus d'affaires (BPM)","Compétences techniques","Gouvernance de l'information et des données - Architecture de l'information, Gestion de portefeuille de projets numériques, Planification et établissement de rapports en matière de la numérique, Services consultatifs auprès des secteurs de la numérique","Capacité démontrée à créer, analyser ou optimiser des processus d'affaires en utilisant la modélisation pour favoriser l'efficacité opérationnelle et améliorer la performance organisationnelle. Cela peut inclure l'utilisation d'outils tels que la notation de modélisation des processus d'affaires ou Six Sigma."
"56cab65f-76c4-45ce-b411-f3feae6208bd","Business Analysis - Digital products","Technical skills","IT Infrastructure Operations, Information and Data Governance - Information Architecture, IT Planning and Reporting, Digital Business Line Advisory Services","Demonstrated ability to translate business requirements into product features and functionality that guide development teams in implementing effective IT solutions.","Analyse d'affaires - Produits numériques","Compétences techniques","Opérations d'infrastructure informatique, Gouvernance de l'information et des données - Architecture de l'information, Planification et établissement de rapports en matière de la numérique, Services consultatifs auprès des secteurs de la numérique","Capacité démontrée à traduire les exigences opérationnelles en fonctionnalités et caractéristiques de produit qui orientent les équipes de développement dans la mise en œuvre de solutions informatiques efficaces."
"77f4b224-f12e-4205-8f16-21a776e8fe3e","Web Content Accessibility Guidelines (WCAG)","Technical skills","Software Solutions - Quality Assurance, Software Solutions - Web Development, Digital Project Portfolio Management, Software Solutions - Application Development, Software Solutions - Product Design, Digital Business Line Advisory Services","Demonstrated ability to implement Web Content Accessibility Guidelines to enhance web accessibility. This includes ensuring that digital content is perceivable, operable, understandable, and robust for all users, promoting an inclusive online experience.","Règles pour l'accessibilité es contenus Web (WCAG)","Compétences techniques","Solutions logicielles - assurance qualité, Solutions logicielles - développement web, Gestion de portefeuille de projets numériques, Solutions logicielles - développement d'applications, Solutions logicielles - Conception de produits, Services consultatifs auprès des secteurs de la numérique","Capacité démontrée à mettre en œuvre les Règles pour l'accessibilité des contenus Web afin d'améliorer l'accessibilité des sites. Cela inclut l'assurance que le contenu numérique est perceptible, utilisable, compréhensible et robuste pour tous les utilisateurs, favorisant ainsi une expérience en ligne inclusive."
"2f14f893-c6d8-45d5-8296-86fca83407ec","Artificial Intelligence Programming Languages","Technical skills","Programming Languages, Frameworks, and Tools, Data Services - Data Science","Demonstrated ability to design, write, and iterate code or scripts in programming languages relevant to artificial intelligence across the model lifecycle, from concept through development to deployment. This may include languages such as Python, R, Julia, C++, or Java.","Langages de programmation d’intelligence artificielle","Compétences techniques","Langages de programmation, frameworks et outils, Services de données - Science des données","Capacité démontrée à concevoir, écrire et modifier du code et des scripts dans des langages de programmation pertinents pour l'intelligence artificielle tout au long du cycle de vie du modèle, de la conception au développement, jusqu'au déploiement. Cela peut inclure des langages tels que Python, R, Julia, C++ ou Java."
"5208f62d-fe66-4b04-9ff7-8e6a2a1320a3","Cherwell Service Management","Technical skills","IT Infrastructure Operations","Demonstrated ability to configure, customize or manage Cherwell Service Management tools. This may include streamlining IT service delivery, automating workflows, improving incident management processes, or improving change management processes.","Système de gestion des services Cherwell","Compétences techniques","Opérations d'infrastructure informatique","Capacité démontrée à configurer, à personnaliser ou à gérer les outils de gestion des services proposés dans Cherwell. Cela peut inclure la simplification de la prestation de services de TI, l’automatisation des flux de travail, l’amélioration des processus de gestion des incidents ou l’amélioration des processus de gestion du changement."
"ce8e27a6-9dcf-41c1-98f7-52caa77741e1","IT Service Management tools","Technical skills","IT Infrastructure Operations","Demonstrated ability to identify and document service components and their interactions using service mapping tools. This may include creating visual representations with tools such as ServiceNow or Cherwell Service Management.","Outils de gestion des services de TI","Compétences techniques","Opérations d'infrastructure informatique","Capacité démontrée à recenser et à documenter des composants de services et leurs interactions à l’aide d’outils de mise en correspondance des services. Cela peut inclure la conception de représentations visuelles à l’aide d’outils tels que ServiceNow ou le système de gestion des services Cherwel."
"78ea78f4-3a4c-4e38-a4bc-991f3fd1846a","Help Desk Operations","Technical skills","IT Infrastructure Operations","Demonstrated ability to manage service requests through a help desk. This may involve receiving tickets, engaging with clients, promptly addressing IT problems, and ensuring solutions are clearly understood and correctly implemented.","Activités du service de dépannage","Compétences techniques","Opérations d'infrastructure informatique","Capacité démontrée à gérer les demandes de service par l’intermédiaire d’un service de dépannage. Cela peut inclure la réception de billets, la communication avec des clients, la résolution rapide de problèmes informatiques et la prise de mesure visant à garantir une bonne compréhension et application des solutions."
"b8e9cc3e-ba02-49d7-8a54-2e63273996dd","Managing Privacy Breaches","Technical skills","Access to Information and Privacy","Demonstrated ability to handle incidents involving compromised personal information to ensure compliance with the Privacy Act and restore trust with affected individuals, stakeholders, or the organization. This may include identifying, assessing, and mitigating privacy breaches, coordinating appropriate responses, or communicating with affected individuals or stakeholders.","Gestion des atteintes à la vie privée","Compétences techniques","Accès à l’information et de la protection des renseignements personnels","Capacité démontrée à gérer des incidents impliquant des informations personnelles compromises afin de garantir le respect de la Loi sur la protection des renseignements personnels et de rétablir la confiance avec les personnes concernées, les parties prenantes ou l'organisation. Cela peut inclure l'identification, l'évaluation et l'atténuation des atteintes à la vie privée, la coordination des réponses appropriées ou la communication avec les personnes concernées ou les parties prenantes."
"96b1acb9-11d9-4651-b799-ae6cea2c9186","ServiceNow","Technical skills","IT Infrastructure Operations","Demonstrated ability to design, implement, or optimize ServiceNow for IT service management, automation or business process improvement.","ServiceNow","Compétences techniques","Opérations d'infrastructure informatique","Capacité démontrée à concevoir, à mettre en œuvre ou à optimiser ServiceNow aux fins de la gestion des services de TI, de leur automatisation ou de l’amélioration de processus opérationnels."
"f1c7629d-4ee8-48a0-9166-36e3e45d0aec","IT Support","Technical skills","IT Infrastructure Operations","Demonstrated ability to provide technical support to clients, technical specialists or stakeholders on IT systems and services. This may include troubleshooting issues, resolving technical problems, and ensuring the proper application of solutions.","Soutien informatique","Compétences techniques","Opérations d'infrastructure informatique","Capacité démontrée à fournir un soutien technique aux clients, aux spécialistes techniques ou aux parties prenantes qui utilisent des systèmes et des services de TI. Cela peut inclure le dépannage, la résolution de problèmes techniques et la prise de mesures visant à garantir l’application adéquate des solutions."
"caecbdd6-c78d-48c1-8478-41c8cb7f1331","Knowledge Transfer","Technical skills","Leadership - General Technical Skills","Demonstrated ability to facilitate the transfer of knowledge to clients or stakeholders. This may include sharing information, developing materials, or ensuring comprehension and application of concepts.","Transfert de connaissances","Compétences techniques","Leadership - Compétences techniques générales","Capacité démontrée à faciliter le transfert de connaissances aux clients ou aux parties prenantes. Cela peut inclure la communication de renseignements, l’élaboration de documents ou la prise de mesure visant à garantir une bonne compréhension et mise en œuvre des concepts."
"fb842ea1-2cd8-4a24-af56-9f5daf388b4d","Cost Recovery - Financial Mechanisms","Technical skills","Financial Management","Demonstrated ability to analyze and oversee cost-recovery mechanisms, including revolving funds, service fees, or vote-netted revenue.  This may include monitoring financial flows, assessing the effectiveness of cost-recovery strategies, or ensuring alignment with organizational goals and regulatory requirements.","Recouvrement des coûts – Mécanismes financiers","Compétences techniques","Gestion financière","Capacité démontrée à analyser et superviser les mécanismes de recouvrement des coûts, y compris les fonds renouvelables, les frais de service ou les revenus nets votés. Cela peut inclure la surveillance des flux financiers, l’évaluation de l’efficacité des stratégies de recouvrement des coûts ou l’assurance de l’alignement avec les objectifs organisationnels et les exigences réglementaires."
"0fbd3ecc-43ea-4f32-9f62-7a9d4aee5229","Digital Literacy","Behavioural skills","GC Digital Competencies","Demonstrated ability to learn, understand, and use modern technology to find, evaluate, and communicate information.","Littératie numérique","Compétences comportementales","Les compétences numériques du GC","Capacité démontrée d’apprendre, de comprendre et d’utiliser la technologie moderne pour trouver, évaluer et communiquer de l’information."
"ab52e9f4-0333-4e2f-8ac0-de0a7624b05c","Legislative Interpretation – Access to Information and Privacy Acts","Technical skills","Access to Information and Privacy","Demonstrated ability to interpret and apply the Access to Information Act or the Privacy Act in a professional context. This includes analyzing legislation and associated policy documents, understanding their implications, and ensuring compliance with legal and institutional requirements in decision-making, information management, or privacy protection.","Interprétation législative - Lois sur l'accès à l'information et sur la protection des renseignements personnels","Compétences techniques","Accès à l’information et de la protection des renseignements personnels","Capacité démontrée à interpréter et à appliquer la Loi sur l'accès à l'information ou la Loi sur la protection des renseignements personnels dans un contexte professionnel. Cela inclut l'analyse de la législation et des documents politiques associés, la compréhension de leurs implications et le respect des exigences légales et institutionnelles en matière de prise de décision, de gestion de l'information ou de protection des renseignements personnels."
"4833893a-0be9-457a-8c53-cb5fe0baeac0","Innovation Management Software","Technical skills","Data Services - Data Science, Data Services - Data Analytics, Digital Business Line Advisory Services","Demonstrated ability to use innovation management platforms or software tools to design, build, or implement solutions that manage the flow of ideas from initial concept generation to final value realization for business use. This may include platforms such as IdeaScale or Accolade.","Logiciel de gestion de l'innovation","Compétences techniques","Services de données - Science des données, Services de données - Analyse de données, Services consultatifs auprès des secteurs de la numérique","Capacité démontrée à utiliser des plateformes ou des outils logiciels de gestion de l'innovation pour concevoir, élaborer ou mettre en œuvre des solutions permettant de gérer les flux d’idées, de la création du concept initial jusqu'à la réalisation de la valeur finale à opérationnaliser. Cela peut inclure des plateformes telles que IdeaScale ou Accolade."
"9c935589-6a2b-4495-8525-e4f8b4d26cce","Customer Relationship Management (CRM) Solutions","Technical skills","Programming Languages, Frameworks, and Tools","Demonstrated ability to use Customer Relationship Management (CRM) platforms to conceptualize, design, implement or manage solutions to align the business needs with technical feasibility. This includes understanding business logic workflows and process automation, configuring CRM tools to manage client interactions, and improving service delivery through effective use of CRM technology. This may include use of platforms such as Salesforce or MS Dynamics.","Solutions de gestion de la relation client (GRC)","Compétences techniques","Langages de programmation, frameworks et outils","Capacité démontrée à utiliser des plateformes de gestion de la relation client (GRC) pour conceptualiser, concevoir, mettre en œuvre ou gérer des solutions permettant d'aligner les besoins opérationnels sur la faisabilité technique. Cela inclut de comprendre les flux de travail de la logique commerciale et l'automatisation des processus, de configurer les outils de GRC pour gérer les interactions avec les clients, et d’améliorer la prestation de services grâce à une utilisation efficace de la technologie de GRC. Cela peut inclure l’utilisation de plateformes telles que Salesforce ou MS Dynamics."
"e353d3f9-e8ee-49fe-b8bf-c6476aec1079","Learning Management Systems (LMS) Development","Technical skills","Programming Languages, Frameworks, and Tools","Demonstrated ability to develop, configure, deploy, or maintain Learning Management Systems (LMS) to deliver and manage educational content. This includes creating and customizing courses, tracking learner progress, integrating third-party tools, and ensuring the platform’s functionality and security. This may include platforms such as Moodle, Canvas, or Blackboard.","Développement de systèmes de gestion de l'apprentissage (SGA)","Compétences techniques","Langages de programmation, frameworks et outils","Capacité démontrée à développer, à configurer, à déployer ou à maintenir des systèmes de gestion de l'apprentissage (SGA) pour fournir et gérer des contenus éducatifs. Cela inclut de créer et de personnaliser des cours, de suivre les progrès des apprenants, d'intégrer des outils tiers et d’assurer la fonctionnalité et la sécurité de la plateforme. Cela peut inclure des plateformes telles que Moodle, Canvas ou Blackboard."
"b3529dc9-afc0-4f63-a87f-5d4fba63d827","Content Management Systems (CMS) Development","Technical skills","Programming Languages, Frameworks, and Tools","Demonstrated ability to develop, configure, deploy, or maintain Content Management Systems (CMS) to organize, store, and publish digital content. This includes customizing the system, integrating third-party tools, managing content workflows, and ensuring the platform’s functionality and security. This may include platforms such as SharePoint, Drupal, or WordPress.","Développement de systèmes de gestion de contenu (SGC)","Compétences techniques","Langages de programmation, frameworks et outils","Capacités démontrée à développer, à configurer, à déployer ou à maintenir des systèmes de gestion de contenu (SGC) pour organiser, stocker et publier du contenu numérique. Cela inclut de personnaliser le système, d’intégrer des outils tiers, de gérer des flux de contenu et d’assurer la fonctionnalité et la sécurité de la plateforme. Cela peut inclure des plateformes telles que SharePoint, Drupal ou WordPress."
"88a5e5ed-cee8-497f-b2f9-ef929cdac109","Regulatory Compliance – Security Standards","Technical skills","IT Security","Demonstrated ability to understand and apply security compliance frameworks. This includes assessing risks, ensuring compliance with security standards, and implementing security controls in line with relevant legislation, regulations, policies, or industry best practices.","Conformité réglementaire – normes de sécurité","Compétences techniques","Sécurité informatique","Capacité démontrée à comprendre et à appliquer les cadres de conformité en matière de sécurité. Cela comprend d'évaluer les risques, de veiller au respect des normes de sécurité et de mettre en œuvre des contrôles de sécurité conformément à la législation, à la réglementation, aux politiques et aux meilleures pratiques du secteur."
"f5813aa7-dd48-4963-a67a-19f31465898d","Information and Communications Technology Accessibility","Technical skills","IT Infrastructure Operations, Software Solutions - Quality Assurance, Software Solutions - Product Design, Digital Business Line Advisory Services","Demonstrated ability to apply accessibility standards and guidelines to assess, determine compliance, or identify barriers to the use of technology by persons with disabilities.","Accessibilité des technologies de l'information et des communications","Compétences techniques","Opérations d'infrastructure informatique, Solutions logicielles - assurance qualité, Solutions logicielles - Conception de produits, Services consultatifs auprès des secteurs de la numérique","Capacité démontrée à appliquer des normes et des lignes directrices en matière d'accessibilité pour évaluer, déterminer la conformité ou identifier les obstacles à l'utilisation des technologies par les personnes handicapées."
"c692910f-94bf-4817-9a94-7d6ecec5388b","Assistive Technologies","Technical skills","IT Infrastructure Operations, Digital Business Line Advisory Services","Demonstrated ability to use assistive or adaptive technology tools to enhance accessibility and support individuals with diverse needs. This may include setting up, configuring, or providing advice on the use of technologies such as screen readers, speech recognition software, or adaptive hardware.","Technologies d'assistance","Compétences techniques","Opérations d'infrastructure informatique, Services consultatifs auprès des secteurs de la numérique","Capacité démontrée à utiliser des outils technologiques d'assistance ou d'adaptation pour améliorer l'accessibilité et soutenir les individus ayant des besoins divers. Cela peut inclure la configuration, la mise en place ou la fourniture de conseils sur l'utilisation de technologies telles que les lecteurs d'écran, les logiciels de reconnaissance vocale ou le matériel adaptatif."
"39664653-4a4e-4e4b-a0ec-6d5daa5098d2","Security Fundamentals","Technical skills","IT Infrastructure Operations, Financial Management, Cyber Security","Demonstrated ability to understand and apply core security fundamentals to protect government information, people, or assets. This includes adhering to relevant security legislation, regulations, policies, and practices to support the security and integrity of information, individuals, and assets.","Principes de base de la sécurité","Compétences techniques","Opérations d'infrastructure informatique, Gestion financière, Cybersécurité","Capacité démontrée à comprendre et à appliquer les principes fondamentaux de la sécurité pour protéger les informations, les personnes et les biens du gouvernement. Cela inclut le respecter de la législation, de la réglementation, des politiques et des pratiques en matière de sécurité afin de garantir la sécurité et l'intégrité des informations, des personnes et des biens."
"fcaa1c4d-24c5-431e-9287-2b0a1723eea7","Multitasking","Behavioural skills","Personal Behaviours","Demonstrated ability to perform multiple tasks or activities simultaneously or switch between tasks efficiently to meet deadlines or objectives.","Multitâche","Compétences comportementales","Comportements personnels","Capacité démontrée à effectuer plusieurs tâches ou activités simultanément ou à passer efficacement d'une tâche à l'autre pour respecter des délais ou atteindre des objectifs."
"00288d8d-c0ba-45a8-861a-e0d2811b530f","IT Asset Lifecycle Coordination","Technical skills","IT Infrastructure Operations, Digital Project Portfolio Management, Digital Business Line Advisory Services","Demonstrated ability to oversee and coordinate the life cycle of IT assets. This includes tracking, maintaining, and ensuring compliance with licensing agreements, security standards, and inventory controls. This may include procuring, deploying, auditing, or decommissioning IT assets such as hardware, software, or related resources.","Coordination du cycle de vie des biens de TI","Compétences techniques","Opérations d'infrastructure informatique, Gestion de portefeuille de projets numériques, Services consultatifs auprès des secteurs de la numérique","Capacité démontrée à superviser et à coordonner le cycle de vie des biens de TI. Cela inclut le suivi, la maintenance et le respect des accords de licence, des normes de sécurité et des contrôles d'inventaire. Cela peut inclure l'acquisition, le déploiement, l'audit ou la mise hors service d'actifs informatiques tels que des matériels, des logiciels ou des ressources connexes."
"2cd2d03c-f8d7-4e28-b56b-faf504f6cfa5","Cabinet Documents - Drafting","Technical skills","Working in Government, Financial Management","Demonstrated ability to prepare formal cabinet documents that seek approval for government policies, projects, or programs. This includes drafting clear, comprehensive, and well-structured documents that align with government priorities, and providing detailed financial or non-financial justifications. This may include cabinet documents such as Memoranda to Cabinet (MC), Orders in Council or Treasury Board Submissions.","Documents du Cabinet - Rédaction","Compétences techniques","Travailler au sein du gouvernement, Gestion financière","Capacité démontrée à préparer des documents formels pour le Cabinet visant à obtenir l'approbation des politiques, projets ou programmes gouvernementaux. Cela inclut la rédaction de documents clairs, complets et bien structurés, alignés avec les priorités gouvernementales, et la fourniture de justifications financières ou non financières détaillées. Cela peut inclure des documents du Cabinet tels que des Mémorandums au Cabinet (MC), des Ordonnances en Conseil ou des Soumissions au Conseil du Trésor."
"b06d9671-459a-43c4-9390-5b4d5cc58a42","Cyber Security Vigilance","Behavioural skills","GC Digital Competencies","Demonstrated ability to take personal responsibility for safeguarding data, information, or systems within one's work environment by consistently applying cyber security best practices and departmental standards.","Vigilance en matière de cybersécurité","Compétences comportementales","Les compétences numériques du GC","Capacité démontrée à assumer la responsabilité personnelle de la protection des données, des informations ou des systèmes dans son environnement de travail en appliquant systématiquement les meilleures pratiques en cybersécurité et les normes départementales."
"a2395ee3-c551-498c-8dd7-dbb9d96b294f","Cabinet Documents - Administration","Technical skills","Working in Government, Financial Management","Demonstrated ability to administer cabinet documents by organizing, maintaining, or ensuring the proper storage and retrieval of documents. This may include updating document tracking systems, managing confidentiality protocols, or ensuring compliance with record-keeping policies. This may include cabinet documents such as Memoranda to Cabinet (MC), Orders in Council or Treasury Board Submissions.","Documents du Cabinet - Administration","Compétences techniques","Travailler au sein du gouvernement, Gestion financière","Capacité démontrée à administrer les documents du Cabinet en organisant, en maintenant ou en assurant le stockage et la récupération appropriés des documents. Cela peut inclure la mise à jour des systèmes de suivi des documents, la gestion des protocoles de confidentialité ou l'assurance de la conformité avec les politiques de conservation des documents. Cela peut inclure des documents du Cabinet tels que des Mémorandums au Cabinet (MC), des Ordonnances en Conseil ou des Soumissions au Conseil du Trésor."
"cf7819d6-4c0c-4745-add3-8ecab1751164","Cabinet Documents - Technical Review","Technical skills","Working in Government, Financial Management","Demonstrated ability to conduct technical reviews of cabinet documents by evaluating content for accuracy, feasibility, and alignment with technical standards. This may include consulting with subject matter experts, identifying potential issues, or recommending solutions to ensure the quality of cabinet submissions. This may include cabinet documents such as Memoranda to Cabinet (MC), Orders in Council or Treasury Board Submissions.","Documents du Cabinet - Examen technique","Compétences techniques","Travailler au sein du gouvernement, Gestion financière","Capacité démontrée à effectuer des revues techniques des documents du Cabinet en évaluant le contenu pour en vérifier l'exactitude, la faisabilité et l'alignement avec les normes techniques. Cela peut inclure la consultation avec des experts en la matière, l'identification de problèmes potentiels ou la recommandation de solutions pour garantir la qualité des soumissions du Cabinet. Cela peut inclure des documents du Cabinet tels que des Mémorandums au Cabinet (MC), des Ordonnances en Conseil ou des Soumissions au Conseil du Trésor."
"8aa426a6-2cce-4fed-a5b0-6f7ad2a63882","Policy Development","Technical skills","Information and Data Governance - Strategy and Direction, Access to Information and Privacy, Working in Government","Demonstrated ability to create, draft, or revise policy documents, including advancing these changes through the policy development and approval process. This includes engaging with stakeholders, assessing risks and impacts, testing drafts with users to ensure feasibility, and ensuring that policies are compliant with regulations and government priorities.","Élaboration de politiques","Compétences techniques","Gouvernance de l'information et des données - Stratégie et orientation, Accès à l’information et de la protection des renseignements personnels, Travailler au sein du gouvernement","Capacité démontrée à créer, rédiger ou réviser des documents de politique, y compris à faire avancer ces modifications à travers le processus de développement et d'approbation des politiques. Cela inclut l'engagement avec les parties prenantes, l'évaluation des risques et des impacts, l'évaluation des projets auprès des utilisateurs pour garantir leur faisabilité et l'assurance que les politiques sont conformes aux règlements et priorités gouvernementales."
"09000e27-76bd-4437-9886-c1bfa50616c3","Cabinet Documents - Approval Process","Technical skills","Working in Government, Financial Management","Demonstrated ability to manage the cabinet document approval process by coordinating with stakeholders, ensuring compliance with government procedures, and facilitating the timely review and approval of documents. This may include tracking revisions, addressing feedback, and maintaining records of approvals. This may include cabinet documents such as Memoranda to Cabinet (MC), Orders in Council or Treasury Board Submissions.","Documents du Cabinet - Processus d'approbation","Compétences techniques","Travailler au sein du gouvernement, Gestion financière","Capacité démontrée à gérer le processus d'approbation des documents du Cabinet en coordonnant avec les parties prenantes, en assurant la conformité avec les procédures gouvernementales et en facilitant l'examen et l'approbation en temps opportun des documents. Cela peut inclure le suivi des révisions, la prise en compte des commentaires et le maintien des archives des approbations. Cela peut inclure des documents du Cabinet tels que des Mémorandums au Cabinet (MC), des Ordonnances en Conseil ou des Soumissions au Conseil du Trésor."
"eed886ae-904f-40d5-8860-c37bc0c28668","Cloud Platform Administration","Technical skills","IT Infrastructure Operations","Demonstrated ability to manage or maintain cloud platforms to ensure reliable, secure, and scalable operations. This may include configuring cloud services, overseeing user access and permissions, monitoring system health, troubleshooting issues, or implementing cloud security measures.","Administration de la Plateforme infonuagique","Compétences techniques","Opérations d'infrastructure informatique","Capacité démontrée à gérer ou maintenir des plateformes infonuagique pour garantir des opérations fiables, sécurisées et évolutives. Cela peut inclure la configuration des services infonuagique, la gestion des accès et des autorisations des utilisateurs, la surveillance de la santé du système, la résolution des problèmes ou la mise en œuvre de mesures de sécurité infonuagique."
"7bcd9a23-fe31-4d44-8ac4-c978d27d9dc8","Application of Information Technology Infrastructure Library (ITIL) Guiding Principles","Technical skills","IT Infrastructure Operations","Demonstrated ability to apply the Information Technology Infrastructure Library (ITIL) guiding principles in daily operational service management to optimize value for stakeholders and enhance IT service delivery.","Application des Principes Directeurs de la Bibliothèque d'Infrastructure des Technologies de l'Information (ITIL)","Compétences techniques","Opérations d'infrastructure informatique","Capacité démontrée à appliquer les principes directeurs de la Bibliothèque d'Infrastructure des Technologies de l'Information (ITIL) dans la gestion quotidienne des services opérationnels afin d'optimiser la valeur pour les parties prenantes et améliorer la prestation des services informatiques."
"64b0c170-826c-417b-a879-0af9dfea2203","Cabinet Documents - Financial Oversight","Technical skills","Working in Government, Financial Management","Demonstrated ability to provide financial oversight for cabinet documents by reviewing and ensuring the accuracy of financial data, budgets, and resource allocations within cabinet submissions. This may include coordinating with financial authorities and ensuring alignment with government funding policies and guidelines. This may include cabinet documents such as Memoranda to Cabinet (MC), Orders in Council or Treasury Board Submissions.","Documents du Cabinet - Surveillance financière","Compétences techniques","Travailler au sein du gouvernement, Gestion financière","Capacité démontrée à exercer une supervision financière des documents du Cabinet en révisant et en assurant l'exactitude des données financières, des budgets et des allocations de ressources dans les soumissions du Cabinet. Cela peut inclure la coordination avec les autorités financières et l'assurance de l'alignement avec les politiques et lignes directrices de financement gouvernementales. Cela peut inclure des documents du Cabinet tels que des Mémorandums au Cabinet (MC), des Ordonnances en Conseil ou des Soumissions au Conseil du Trésor."
"775618b6-692f-493d-bb87-10c1983e53c6","Corporate Communications","Behavioural skills","Communication Skills, Financial Management","Demonstrated ability to manage internal or external communications to ensure consistent, clear, and effective messaging. This may include creating press releases, preparing speeches, handling media inquiries, or managing social media presence.","Communication de l’entreprise","Compétences comportementales","Compétences en communication, Gestion financière","Capacité démontrée à gérer les communications internes ou externes pour assurer des messages cohérents, clairs et efficaces. Cela peut inclure la rédaction de communiqués de presse, la préparation de discours, la gestion des demandes des médias ou la gestion de la présence sur les réseaux sociaux."
"5e54b89c-a682-4f65-9c09-b1192688b474","Accounting Operations","Technical skills","Financial Management","Demonstrated ability to oversee day-to-day accounting functions to ensure the accuracy and timeliness of financial transactions and reporting. This may include processing accounts payable and receivable, maintaining general ledgers, reconciling accounts, and ensuring compliance with accounting standards, organizational policies, and regulatory requirements.","Opérations comptables","Compétences techniques","Gestion financière","Capacité démontrée à superviser les fonctions comptables quotidiennes afin d'assurer l'exactitude et le respect des délais des transactions et des rapports financiers. Cela peut inclure le traitement des comptes créditeurs et débiteurs, la tenue des grands livres, le rapprochement des comptes et l'assurance de la conformité aux normes comptables, aux politiques organisationnelles et aux exigences réglementaires."
"d15f04a8-406a-4473-9f60-37aac68d34ca","Costing Support","Technical skills","Financial Management","Demonstrated ability to develop costing tools or provide advice, guidance, or oversight on costing matters to managers, financial officers, or stakeholders. This includes ensuring compliance with legislation, organizational policies, and central agency directives. This may include supporting business management functions or policy instruments requiring accurate costing and financial analysis.","Soutien à l’établissement des coûts","Compétences techniques","Gestion financière","Capacité démontrée à développer des outils de calcul des coûts ou à fournir des conseils, une orientation ou une supervision en matière de coûts aux gestionnaires, aux agents financiers ou aux parties prenantes. Cela inclut l'assurance de la conformité à la législation, aux politiques organisationnelles et aux directives des organismes centraux. Cela peut inclure le soutien aux fonctions de gestion des affaires ou aux instruments de politique nécessitant une évaluation précise des coûts et une analyse financière."
"e7387a3f-229e-41c4-b943-a8e75e01ad65","Functional Community Development","Technical skills","Financial Management, Leadership - General Technical Skills","Demonstrated ability to foster collaboration, engagement, or growth of a functional community. This may include strengthening community management and governance, advancing shared goals, promoting inclusive practices, facilitating active participation, or developing initiatives that advance community interests.","Développement de la collectivité fonctionnelle","Compétences techniques","Gestion financière, Leadership - Compétences techniques générales","Capacité démontrée à favoriser la collaboration, l'engagement ou la croissance d'une collectivité fonctionnelle. Cela peut inclure le renforcement de la gestion et de la gouvernance de la collectivité, la promotion des objectifs communs, la promotion des pratiques inclusives, la facilitation de la participation active ou le développement d'initiatives visant à faire progresser les intérêts de la collectivité."
"74e46e3b-e2ea-4488-8105-05f056469204","Performance Measurement","Technical skills","Information and Data Governance - Strategy and Direction, Information and Data Governance - Operations, Financial Management, Leadership - Executive Technical Skills","Demonstrated ability to track, assess, or evaluate the effectiveness of processes, programs, or individuals against defined objectives and benchmarks. This includes supporting data-informed, strategic decision-making through analyzing data against key metrics and evaluating performance.","Gestion des talents","Compétences techniques","Gouvernance de l'information et des données - Stratégie et orientation, Gouvernance de l'information et des données - Opérations, Gestion financière, Leadership - Compétences techniques des cadres","Capacité démontrée à suivre, évaluer ou mesurer l'efficacité des processus, programmes ou individus par rapport aux objectifs et repères définis. Cela inclut le soutien à la prise de décision stratégique basée sur les données en analysant les données par rapport aux principaux indicateurs et en évaluant la performance."
"1ccbfb39-1381-4717-9c4e-5f1edcb0fd76","Internal Financial Controls","Technical skills","Financial Management","Demonstrated ability to design, implement, or monitor internal controls to ensure the accuracy, integrity, or compliance of financial processes within an organization. This may include developing control frameworks, assessing financial risks, or ensuring that financial transactions are properly authorized and documented.","Contrôles financiers internes","Compétences techniques","Gestion financière","Capacité démontrée à concevoir, mettre en œuvre ou surveiller les contrôles internes pour assurer l’exactitude, l’intégrité ou la conformité des processus financiers au sein d’une organisation. Cela peut inclure l’élaboration de cadres de contrôle, l’évaluation des risques financiers ou l’assurance que les transactions financières sont dûment autorisées et documentées."
"4fa170a6-36f4-4e90-a65d-be7784dec6f7","Quality Assurance - Financial Management","Technical skills","Financial Management","Demonstrated ability to ensure accuracy, integrity, and compliance of financial management practices within an organization. This includes identifying discrepancies, recommending improvements, and ensuring financial reports are reliable and meet organizational and regulatory requirements. This may include developing and implementing quality control processes, conducting audits, or monitoring financial systems for adherence to standards and regulations.","Assurance de la qualité – Gestion financière","Compétences techniques","Gestion financière","Capacité démontrée à assurer l’exactitude, l’intégrité et la conformité des pratiques de gestion financière au sein d’une organisation. Cela inclut l’identification des écarts, la recommandation d’améliorations et l’assurance que les rapports financiers sont fiables et respectent les exigences organisationnelles et réglementaires. Cela peut inclure le développement et la mise en œuvre de processus de contrôle qualité, la réalisation d’audits ou la surveillance des systèmes financiers pour assurer leur conformité aux normes et réglementations."
"f2a4e262-eb3d-4619-a444-6b47aa0090a6","Quality Monitoring - Financial Management","Technical skills","Financial Management","Demonstrated ability to monitor or evaluate financial management processes to ensure accuracy, efficiency, or compliance with internal standards or external regulations. This may include tracking financial performance, conducting regular assessments, or reviewing financial transactions and reports.","Suivi de la qualité – Gestion financière","Compétences techniques","Gestion financière","Capacité démontrée à surveiller ou à évaluer les processus de gestion financière pour assurer l’exactitude, l’efficacité ou la conformité aux normes internes ou aux réglementations externes. Cela peut inclure le suivi de la performance financière, la réalisation d’évaluations régulières ou l’examen des transactions et des rapports financiers."
"bee30fa0-397c-41dc-ad83-2d9a88ea2ab8","Asset Lifecycle Coordination","Technical skills","Financial Management","Demonstrated ability to oversee and track the lifecycle of assets. This includes tracking asset performance, ensuring proper utilization, and maintaining accurate records. This may include acquisition, maintenance or disposal of assets, coordinating with vendors, managing contracts, or ensuring compliance with relevant policies and regulations.","Coordination du cycle de vie des actifs","Compétences techniques","Gestion financière","Capacité démontrée à superviser et suivre le cycle de vie des actifs. Cela inclut le suivi de la performance des actifs, l’assurance de leur utilisation appropriée et le maintien de registres précis. Cela peut inclure l’acquisition, l’entretien ou la disposition des actifs, la coordination avec les fournisseurs, la gestion des contrats ou l’assurance de la conformité aux politiques et réglementations pertinentes."
"7f9baefe-be74-4a90-b912-534141451194","Facilities Management","Technical skills","Financial Management","Demonstrated ability to plan, operate, or maintain government-owned or leased buildings to ensure a safe, efficient, and sustainable work environment. This includes supporting federal departments in delivering their mandates while aligning with government priorities such as environmental sustainability and workplace modernization.","Gestion des installations","Compétences techniques","Gestion financière","Capacité démontrée à planifier, exploiter ou entretenir des bâtiments gouvernementaux ou loués afin d’assurer un environnement de travail sûr, efficace et durable. Cela inclut le soutien aux ministères fédéraux dans l’exécution de leurs mandats tout en s’alignant sur les priorités gouvernementales telles que la durabilité environnementale et la modernisation des lieux de travail."
"1f335274-0730-4e85-b51e-56587e1d9cac","Program Management","Technical skills","Financial Management","Demonstrated ability to manage programs or enterprise projects at the Government-wide or departmental levels to ensure successful outcomes or meet objectives. This may include planning, executing, or evaluating initiatives.","Gestion de programme","Compétences techniques","Gestion financière","Capacité démontrée à gérer des programmes ou des projets d’envergure à l’échelle gouvernementale ou ministérielle afin d’assurer la réussite des résultats ou d’atteindre les objectifs. Cela peut inclure la planification, l’exécution ou l’évaluation des initiatives."
"6afa89e7-1119-484c-904f-0d5deb359b94","Program Delivery","Technical skills","Financial Management","Demonstrated ability to manage or implement programs to achieve desired outcomes within an organization. This may include establishing objectives, timelines, or budgets, coordinating resources, tracking progress, resolving issues, and ensuring alignment with program goals. This may include applying methodologies such as Agile, Waterfall, or other delivery frameworks.","Exécution de programme","Compétences techniques","Gestion financière","Capacité démontrée à gérer ou à mettre en œuvre des programmes afin d’atteindre les résultats souhaités au sein d’une organisation. Cela peut inclure l’établissement d’objectifs, d’échéanciers ou de budgets, la coordination des ressources, le suivi des progrès, la résolution des problèmes et l’assurance de l’alignement avec les objectifs du programme. Cela peut inclure l’application de méthodologies telles qu’Agile, Waterfall ou d’autres cadres de mise en œuvre."
"1fad5661-20f1-4f84-a364-d6f792084f72","Program Evaluation","Technical skills","Financial Management","Demonstrated ability to assess the effectiveness and impact of programs or initiatives through systematic data collection and analysis. This includes identifying areas for improvement, supporting decision-making, and ensuring accountability. This may include providing insights to inform policy development, program management, or reporting to stakeholders such as executives, Cabinet, or the public.","Évaluation de programme","Compétences techniques","Gestion financière","Capacité démontrée à évaluer l’efficacité et l’impact des programmes ou des initiatives grâce à la collecte et à l’analyse systématiques des données. Cela inclut l’identification des domaines à améliorer, le soutien à la prise de décisions et l’assurance de la reddition de comptes. Cela peut inclure la fourniture d’analyses pour éclairer l’élaboration des politiques, la gestion des programmes ou la production de rapports destinés aux parties prenantes telles que les cadres supérieurs, le Cabinet ou le public."
"f940034f-ab4d-4de4-8fc9-c461da0ab541","Managing in the Context of Budget Compressions","Technical skills","Financial Management, Leadership - General Technical Skills","Demonstrated ability to ensure operational efficiency, maintain service delivery, and align resources with priorities while navigating financial constraints. This includes strategic financial management, workforce planning, risk mitigation, and innovation.","Gestion dans un contexte de compressions budgétaires","Compétences techniques","Gestion financière, Leadership - Compétences techniques générales","Capacité démontrée à assurer l’efficacité opérationnelle, maintenir la prestation des services et aligner les ressources sur les priorités tout en naviguant dans des contraintes financières. Cela inclut la gestion financière stratégique, la planification de la main-d’œuvre, l’atténuation des risques et l’innovation."
"398682f8-a30d-48d8-a185-ab155c6f2f28","Executive Leadership of Strategic Partnerships","Technical skills","Financial Management, Leadership - Executive Technical Skills","Demonstrated ability at the executive level to lead strategic partnership initiatives. This may include developing new partnerships, negotiating agreements, holding signing authority for participation in a partnership, establishing governance procedures, or maintaining strategic partnerships.","Leadership exécutif des partenariats stratégiques","Compétences techniques","Gestion financière, Leadership - Compétences techniques des cadres","Capacité démontrée, au niveau exécutif, à diriger les initiatives en matière de partenariats stratégiques. Cela peut inclure le développement de nouveaux partenariats, la négociation d’ententes, l’exercice d’une autorité de signature pour la participation à un partenariat, l’établissement de procédures de gouvernance ou le maintien de partenariats stratégiques."
"e9601b5e-fd74-4aa8-99c4-d61dde62623e","Executive Leadership of Transfer Payments","Technical skills","Financial Management, Leadership - Executive Technical Skills","Demonstrated ability at the executive level to lead transfer payment services which may include setting vision and direction, directing implementation and operations, and ensuring delivery of results.","Leadership exécutif des paiements de transfert","Compétences techniques","Gestion financière, Leadership - Compétences techniques des cadres","Capacité démontrée, au niveau exécutif, à diriger les services liés aux paiements de transfert, ce qui peut inclure l’établissement d’une vision et d’une orientation, la direction de la mise en œuvre et des opérations, ainsi que l’assurance de l’atteinte des résultats."
"dd6a7f0c-32f1-4ef5-a3f1-c2570d67a7d9","Workforce Planning","Technical skills","Financial Management, Leadership - General Technical Skills","Demonstrated ability to analyze and forecast staffing needs to ensure the right number of skilled employees are available and well positioned to meet organizational objectives. This may include recruiting, training, and developing talent, as well as managing workforce performance.","Planification de la main-d’œuvre","Compétences techniques","Gestion financière, Leadership - Compétences techniques générales","Capacité démontrée à analyser et prévoir les besoins en personnel afin de s’assurer que le nombre adéquat de membres du personnel qualifiés est disponible et bien positionné pour atteindre les objectifs organisationnels. Cela peut inclure le recrutement, la formation et le développement des talents, ainsi que la gestion de la performance du personnel."
"b2d3eaa2-1cb7-49ef-899b-1597311ad16f","Governance - Senior Management Committees","Technical skills","Working in Government, Financial Management","Demonstrated ability to actively participate in senior committees to contribute to decision-making processes and strategic direction. This may include providing input on policies, advising on organizational priorities, or collaborating with senior leadership.","Gouvernance – Comités de la haute gestion","Compétences techniques","Travailler au sein du gouvernement, Gestion financière","Capacité démontrée à participer activement aux comités de la haute gestion afin de contribuer aux processus décisionnels et à l’orientation stratégique. Cela peut inclure la formulation de recommandations sur les politiques, de conseils sur les priorités organisationnelles ou la collaboration avec la haute gestion."
"0fc1ba90-550c-4327-94d9-166241f06154","Parliamentary Committee - Presentation of Information","Technical skills","Working in Government, Financial Management","Demonstrated ability to respond to questions or present information directly to a parliamentary committee when called upon to do so, representing a department or branch of government. This includes the demonstration of sound judgement, values and ethics, and strong communication skills.","Comité parlementaire – Présentation de l’information","Compétences techniques","Travailler au sein du gouvernement, Gestion financière","Capacité démontrée à répondre aux questions ou à présenter de l’information directement à un comité parlementaire lorsqu’on lui en fait la demande, en représentant un ministère ou une direction gouvernementale. Cela inclut la démonstration d’un bon jugement, de valeurs et d’éthique ainsi que de solides compétences en communication."
"743ccfb7-c9b4-44b1-be18-579190527996","Governance - Departmental Audit Committees (DAC)","Technical skills","Working in Government, Financial Management","Demonstrated ability to coordinate or participate in Departmental Audit Committees (DAC).","Gouvernance – Comités ministériels d’audit (CMA)","Compétences techniques","Travailler au sein du gouvernement, Gestion financière","Capacité démontrée à coordonner ou à participer aux Comités ministériels d’audit (CMA)."
"681798b3-b8a4-4cf3-a4cc-4e29f330443f","Integration of Environment, Social and Governance (ESG) principles","Technical skills","Financial Management","Demonstrated ability to incorporate Environmental, Social, and Governance (ESG) principles into organizational practices and decision-making processes. This may include developing sustainability initiatives, promoting ethical practices, or ensuring compliance with governance standards.","Intégration des principes environnementaux, sociaux et de gouvernance (ESG)","Compétences techniques","Gestion financière","Capacité démontrée à intégrer les principes environnementaux, sociaux et de gouvernance (ESG) dans les pratiques organisationnelles et les processus de prise de décision. Cela peut inclure l’élaboration d’initiatives de durabilité, la promotion de pratiques éthiques ou l’assurance de la conformité aux normes de gouvernance."
"7ae1391b-b16c-4aeb-85ae-72b61edf71b2","Financial Acumen","Behavioural skills","Thinking Skills, Financial Management","Demonstrated ability to understand and apply financial principles to make informed business decisions. This may include analyzing financial statements, assessing financial risks, interpreting budgets, or using financial data to drive strategic planning and organizational performance.","Perspicacité financière","Compétences comportementales","Capacités de raisonnement, Gestion financière","Capacité démontrée à comprendre et appliquer les principes financiers afin de prendre des décisions d’affaires éclairées. Cela peut inclure l’analyse des états financiers, l’évaluation des risques financiers, l’interprétation des budgets ou l’utilisation de données financières pour orienter la planification stratégique et la performance organisationnelle."
"cf262d03-a288-40f9-969d-b96735852b72","Oracle - Finance","Technical skills","Financial Management","Demonstrated ability to use Oracle Financial Management systems for budgeting, forecasting, or financial reporting. This includes configuring modules, managing data integration, and ensuring compliance with financial standards.","Oracle – Finances","Compétences techniques","Gestion financière","Capacité démontrée à utiliser les systèmes de gestion financière Oracle pour la budgétisation, la prévision ou la production de rapports financiers. Cela inclut la configuration des modules, la gestion de l’intégration des données et l’assurance de la conformité aux normes financières."
"cf11d5c7-5524-4322-8aae-5fdd9b676a3c","Cloud Cost Management","Technical skills","Financial Management","Demonstrated ability to track, analyze, or optimize cloud infrastructure expenses. This includes monitoring cloud usage, adjusting resources to improve cost efficiency, and ensuring budget adherence. This may include using tools such as AWS Cost Explorer, Azure Cost Management, or Google Cloud's Cost Management tools.","Gestion des coûts infonuagiques","Compétences techniques","Gestion financière","Capacité démontrée à suivre, analyser ou optimiser les dépenses liées aux infrastructures infonuagiques. Cela inclut la surveillance de l’utilisation du nuage, l’ajustement des ressources pour améliorer l’efficacité des coûts et l’assurance du respect du budget. Cela peut inclure l’utilisation d’outils tels qu’AWS Cost Explorer, Azure Cost Management ou Google Cloud Cost Management."
"066dd60e-32f3-4c90-b28f-3b2777596cbe","Cabinet Documents – Financial Analysis","Technical skills","Working in Government, Financial Management","Demonstrated ability to conduct financial analysis for cabinet submissions, assessing the financial feasibility of proposed programs, projects, or policies. This may include preparing detailed financial justifications, cost-benefit analyses, budget forecasts, or identifying funding sources or financial risks.","Documents du Cabinet - Analyse financière","Compétences techniques","Travailler au sein du gouvernement, Gestion financière","Capacité démontrée à effectuer des analyses financières pour les soumissions au Cabinet, en évaluant la faisabilité financière des programmes, projets ou politiques proposés. Cela peut inclure la préparation de justifications financières détaillées, d'analyses coûts-bénéfices, de prévisions budgétaires ou l'identification des sources de financement ou des risques financiers."
"c327f47b-dcb7-4b04-98ae-b707bbfb1b9d","Talent Management","Technical skills","Financial Management, Leadership - General Technical Skills","Demonstrated ability to attract, develop, retain, or optimize the potential of employees to achieve organizational goals. This includes identifying talent needs, supporting professional development, and creating strategies to enhance employee engagement and performance. This may include recruitment, succession planning, performance management, or leadership development.","Mesure de la performance","Compétences techniques","Gestion financière, Leadership - Compétences techniques générales","Capacité démontrée à attirer, développer, retenir ou optimiser le potentiel des membres du personnel pour atteindre les objectifs organisationnels. Cela inclut l'identification des besoins en talents, le soutien au développement professionnel et la création de stratégies pour améliorer l'engagement et la performance des membres du personnel. Cela peut inclure le recrutement, la planification de la succession, la gestion de la performance ou le développement du leadership."
"d6b16528-b254-4968-b838-5fc9536a010d","Project Management","Technical skills","Financial Management, Leadership - General Technical Skills","Demonstrated ability to plan, organize, execute, or oversee projects to achieve specific objectives within defined constraints such as scope, time, cost, and quality. This may include setting goals, allocating resources, managing risks, managing competing priorities, monitoring progress, or collaborating with stakeholders to ensure successful project delivery and alignment with organizational priorities.","Gestion de projet","Compétences techniques","Gestion financière, Leadership - Compétences techniques générales","Capacité démontrée à planifier, organiser, exécuter ou superviser des projets afin d'atteindre des objectifs spécifiques dans le cadre de contraintes définies telles que la portée, le temps, le coût et la qualité. Cela peut inclure la définition des objectifs, l'allocation des ressources, la gestion des risques, la gestion des priorités concurrentes, le suivi de l'avancement ou la collaboration avec les parties prenantes pour garantir la réussite du projet et son alignement avec les priorités organisationnelles."
"e38e4b08-428a-4118-b9b0-ed1602fedb6e","Mathematical and Statistical Methods","Technical skills","Financial Management, Data Services - Data Analytics","Demonstrated ability to recognize patterns and trends within data to identify relationships and generate insight as well as accessing, manipulating, querying and analyzing data using a variety of methods, tools, and processes.","Méthodes mathématiques et statistiques","Compétences techniques","Gestion financière, Services de données - Analyse de données","Capacité démontrée à reconnaître les schémas et les tendances au sein des données afin d’identifier les relations et d’obtenir des informations, ainsi qu’à accéder aux données, à les manipuler, à les interroger et à les analyser à l’aide d’une variété de méthodes, d’outils et de processus."
"ab139eb1-a880-443f-8f34-ba66ac7f4856","Business intelligence tools","Technical skills","Data Services - Data Science, Financial Management, Data Services - Data Analytics, Data Services - Data Systems Operations","Demonstrated ability to comfortably use common Business Intelligence tools to create, develop, and deploy interactive dashboards, visualizations and reports, enabling data-driven decision-making. This may include products such as Tableau, Power BI, or Looker.","Outils d’informatique décisionnelle","Compétences techniques","Services de données - Science des données, Gestion financière, Services de données - Analyse de données, Services de données - Opérations des systèmes de données","Capacité démontrée à utiliser aisément des outils d’informatique décisionnelle courants pour concevoir, élaborer et déployer des tableaux de bord, des représentations visuelles et des rapports interactifs permettant la prise de décisions fondées sur des données. Cela peut inclure des produits tels que Tableau, Power BI ou Looker."
"fd742595-0cd0-4970-9409-ec8c4eff8535","Governance","Technical skills","Working in Government, Financial Management","Demonstrated ability to establish mechanisms for oversight of frameworks, policies, or processes that guide decision-making, accountability, or the management of resources within an organization. This includes ensuring alignment with strategic objectives, compliance with regulations, and the promotion of ethical governance.","Gouvernance","Compétences techniques","Travailler au sein du gouvernement, Gestion financière","Capacité démontrée à établir des mécanismes de supervision des cadres, politiques ou processus qui guident la prise de décision, la responsabilité ou la gestion des ressources au sein d'une organisation. Cela inclut l'assurance de l'alignement avec les objectifs stratégiques, la conformité aux règlements et la promotion d'une gouvernance éthique."
"11eb00d8-b2fa-44f9-8259-54337ccf3fc5","Policy Oversight","Technical skills","Access to Information and Privacy, Working in Government, Financial Management","Demonstrated ability to oversee the implementation and enforcement of policies by monitoring compliance, evaluating outcomes, or ensuring alignment with established goals and regulations. This may include reporting to oversight bodies on policy performance or making recommendations for adjustments to ensure policies meet intended objectives and standards.","Supervision des politiques","Compétences techniques","Accès à l’information et de la protection des renseignements personnels, Travailler au sein du gouvernement, Gestion financière","Capacité démontrée à superviser la mise en œuvre et l'application des politiques en surveillant la conformité, en évaluant les résultats ou en assurant l'alignement avec les objectifs et règlements établis. Cela peut inclure la rédaction de rapports pour les organes de surveillance sur la performance des politiques ou la formulation de recommandations pour ajuster les politiques afin de répondre aux objectifs et aux normes prévus."
"33abc93b-59c3-45b3-9e27-2fe5b98a0aa3","Policy Analysis","Technical skills","Access to Information and Privacy, Working in Government, Financial Management","Demonstrated ability to analyze policies by assessing their impact, effectiveness, and alignment with organizational goals and government priorities. This may include conducting research, reviewing data, evaluating existing policies, or providing recommendations to inform decision-making and policy development.","Analyse politique","Compétences techniques","Accès à l’information et de la protection des renseignements personnels, Travailler au sein du gouvernement, Gestion financière","Capacité démontrée à analyser des politiques en évaluant leur impact, leur efficacité et leur alignement avec les objectifs organisationnels et les priorités gouvernementales. Cela peut inclure la réalisation de recherches, l'examen des données, l'évaluation des politiques existantes ou la fourniture de recommandations pour éclairer la prise de décision et le développement des politiques."
"23fae026-33b4-4572-906b-a968c8219863","Executive Leadership of Internal Audits","Technical skills","Financial Management, Leadership - Executive Technical Skills","Demonstrated ability at the executive level to lead internal audit services which may include setting vision and direction, directing implementation and operations, and ensuring delivery of results.","Leadership exécutif en audits internes","Compétences techniques","Gestion financière, Leadership - Compétences techniques des cadres","Capacité démontrée, au niveau exécutif, à diriger les services d’audit interne, ce qui peut inclure l’établissement d’une vision et d’une orientation, la direction de la mise en œuvre et des opérations, ainsi que l’assurance de l’atteinte des résultats."
"2d402d89-06b8-4602-a98f-012887cf4d13","Executive Leadership of Costing","Technical skills","Financial Management, Leadership - Executive Technical Skills","Demonstrated ability at the executive level to lead costing initiatives which may include setting vision and direction, directing implementation and operations, and ensuring delivery of results.","Leadership exécutif en établissement des coûts","Compétences techniques","Gestion financière, Leadership - Compétences techniques des cadres","Capacité démontrée, au niveau exécutif, à diriger les initiatives en matière d’établissement des coûts, ce qui peut inclure l’établissement d’une vision et d’une orientation, la direction de la mise en œuvre et des opérations, ainsi que l’assurance de l’atteinte des résultats."
"ddba1792-c380-49db-ab7e-a28a32526408","Executive Leadership of Financial Management Administration","Technical skills","Financial Management, Leadership - Executive Technical Skills","Demonstrated ability at the executive level to lead financial management administration services which may include setting vision and direction, directing implementation and operations, and ensuring delivery of results.","Leadership exécutif en gestion financière administrative","Compétences techniques","Gestion financière, Leadership - Compétences techniques des cadres","Capacité démontrée, au niveau exécutif, à diriger les services de gestion financière administrative, ce qui peut inclure l’établissement d’une vision et d’une orientation, la direction de la mise en œuvre et des opérations, ainsi que l’assurance de l’atteinte des résultats."
"8608e771-11eb-4c87-b1ec-6c04407f564c","Executive Leadership of Financial Reporting","Technical skills","Financial Management, Leadership - Executive Technical Skills","Demonstrated ability at the executive level to lead financial reporting initiatives which may include setting vision and direction, directing implementation and operations, and ensuring delivery of results.","Leadership exécutif en production de rapports financiers","Compétences techniques","Gestion financière, Leadership - Compétences techniques des cadres","Capacité démontrée, au niveau exécutif, à diriger les initiatives en matière de production de rapports financiers, ce qui peut inclure l’établissement d’une vision et d’une orientation, la direction de la mise en œuvre et des opérations, ainsi que l’assurance de l’atteinte des résultats."
"71d8a406-d87e-492e-a2e2-cbf899268cb4","Executive Leadership of Financial Systems","Technical skills","Financial Management, Leadership - Executive Technical Skills","Demonstrated ability at the executive level to lead financial systems services which may include setting vision and direction, directing implementation and operations, and ensuring delivery of results.","Leadership exécutif des systèmes financiers","Compétences techniques","Gestion financière, Leadership - Compétences techniques des cadres","Capacité démontrée, au niveau exécutif, à diriger les services des systèmes financiers, ce qui peut inclure l’établissement d’une vision et d’une orientation, la direction de la mise en œuvre et des opérations, ainsi que l’assurance de l’atteinte des résultats."
"7224daa3-c510-4e6f-844b-508b13ed9687","Executive leadership of Financial Policy and Internal Controls","Technical skills","Financial Management, Leadership - Executive Technical Skills","Demonstrated ability at the executive level to lead financial policy and internal control initiatives which may include setting vision and direction, directing implementation and operations, and ensuring delivery of results.","Leadership exécutif des politiques financières et des contrôles internes","Compétences techniques","Gestion financière, Leadership - Compétences techniques des cadres","Capacité démontrée, au niveau exécutif, à diriger les initiatives en matière de politiques financières et de contrôles internes, ce qui peut inclure l’établissement d’une vision et d’une orientation, la direction de la mise en œuvre et des opérations, ainsi que l’assurance de l’atteinte des résultats."
"1321de56-048a-4015-ae2e-0c540ba0bb08","Executive Leadership of Accounting Operations","Technical skills","Financial Management, Leadership - Executive Technical Skills","Demonstrated ability at the executive level to lead accounting operations initiatives which may include setting vision and direction, directing implementation and operations, and ensuring delivery of results.","Leadership exécutif des opérations comptables","Compétences techniques","Gestion financière, Leadership - Compétences techniques des cadres","Capacité démontrée, au niveau exécutif, à diriger les initiatives relatives aux opérations comptables, ce qui peut inclure l’établissement d’une vision et d’une orientation, la direction de la mise en œuvre et des opérations, ainsi que l’assurance de l’atteinte des résultats."
"e90d6942-6868-4039-a22f-f1ea1ab75ee0","Executive Leadership of Resource Management and Budgeting","Technical skills","Financial Management, Leadership - Executive Technical Skills","Demonstrated ability at the executive level to lead resource management and budgeting initiatives which may include setting vision and direction, directing implementation and operations, and ensuring delivery of results.","Leadership exécutif en gestion des ressources et budgétisation","Compétences techniques","Gestion financière, Leadership - Compétences techniques des cadres","Capacité démontrée, au niveau exécutif, à diriger les initiatives de gestion des ressources et de budgétisation, ce qui peut inclure l’établissement d’une vision et d’une orientation, la direction de la mise en œuvre et des opérations, ainsi que l’assurance de l’atteinte des résultats."
"e0ddb10c-a3d9-47a2-b94e-238884754671","Transfer Payment Administration","Technical skills","Financial Management","Demonstrated ability to design, implement, monitor, or manage transfer payment programs, including Grants and Contributions, in accordance with applicable legislation, policies, and financial management principles. This may include assessing funding applications, ensuring compliance with program terms and conditions, managing financial risks, conducting due diligence, monitoring expenditures, evaluating program effectiveness, or maintaining transparency and accountability in the distribution of public funds.","Administration des paiements de transfert","Compétences techniques","Gestion financière","Capacité démontrée à concevoir, mettre en œuvre, surveiller ou gérer des programmes de paiements de transfert, y compris les subventions et contributions, conformément à la législation applicable, aux politiques et aux principes de gestion financière. Cela peut inclure l'évaluation des demandes de financement, la garantie de la conformité avec les termes et conditions des programmes, la gestion des risques financiers, la conduite de la diligence raisonnable, la surveillance des dépenses, l'évaluation de l'efficacité des programmes ou le maintien de la transparence et de la responsabilité dans la distribution des fonds publics."
"5ca54917-9dd6-47b2-9a74-d77f981aea02","Operational Compliance","Technical skills","Working in Government","Demonstrated ability to ensure adherence to government policies, regulations, or organizational standards. This includes interpreting and applying relevant laws, conducting audits, identifying risks, and implementing corrective actions to maintain compliance. This may include monitoring activities, preparing reports, and collaborating with stakeholders to ensure alignment with legal and regulatory requirements.","Conformité opérationnelle","Compétences techniques","Travailler au sein du gouvernement","Capacité démontrée à garantir le respect des politiques gouvernementales, des règlements ou des normes organisationnelles. Cela inclut l'interprétation et l'application des lois pertinentes, la réalisation d'audits, l'identification des risques et la mise en œuvre de mesures correctives pour maintenir la conformité. Cela peut inclure la surveillance des activités, la préparation de rapports et la collaboration avec les parties prenantes pour garantir l'alignement avec les exigences légales et réglementaires."
"7873c49f-2380-4e32-83c9-c087c81c270c","Operational Compliance - Financial Management","Technical skills","Financial Management","Demonstrated ability to ensure adherence to government policies, financial regulations, and internal controls within financial management, contributing to transparency, accountability, and sound decision-making in public administration. This may include conducting financial oversight, analyzing compliance risks, supporting audits, and preparing reports for senior management or central agencies.","Conformité opérationnelle - Gestion financière","Compétences techniques","Gestion financière","Capacité démontrée à garantir le respect des politiques gouvernementales, des règlements financiers et des contrôles internes dans la gestion financière, contribuant à la transparence, la responsabilité et à la prise de décisions éclairées dans l'administration publique. Cela peut inclure la supervision financière, l'analyse des risques de conformité, le soutien aux audits et la préparation de rapports pour la haute direction ou les agences centrales."
"567f9d9f-081f-4574-9ee5-bce42fefa3e1","Real Property Management","Technical skills","Financial Management","Demonstrated ability to oversee, maintain, or optimize the use of an organization’s physical assets, including buildings, land, or facilities. This includes strategic planning, operational management, and leasing, while ensuring compliance with relevant laws, regulations, and safety standards. This may include maximizing property value, managing costs, coordinating maintenance, or ensuring facilities meet organizational needs while supporting long-term sustainability.","Gestion des biens immobiliers","Compétences techniques","Gestion financière","Capacité démontrée à superviser, entretenir ou optimiser l'utilisation des actifs physiques d'une organisation, y compris les bâtiments, les terrains ou les installations. Cela inclut la planification stratégique, la gestion opérationnelle et la location, tout en garantissant la conformité avec les lois, règlements et normes de sécurité pertinents. Cela peut inclure l'optimisation de la valeur des propriétés, la gestion des coûts, la coordination de la maintenance ou l'assurance que les installations répondent aux besoins organisationnels tout en soutenant la durabilité à long terme."
"d4f2fbde-5f8f-4a55-95f4-a43590add198","Payroll Administration - Finance","Technical skills","Financial Management","Demonstrated ability to oversee payroll processes within financial management. This includes ensuring accurate and timely employee payments, compliance with tax regulations, and proper recording of payroll expenses. This may include managing payroll systems, resolving discrepancies, or ensuring adherence to policies and regulations","Administration de la paie - Finances","Compétences techniques","Gestion financière","Capacité démontrée à superviser les processus de paie dans le cadre de la gestion financière. Cela inclut la garantie de paiements précis et ponctuels aux employés, la conformité avec les réglementations fiscales et l'enregistrement correct des dépenses de paie. Cela peut inclure la gestion des systèmes de paie, la résolution des divergences ou la garantie du respect des politiques et règlements."
"680fe412-06c2-4247-9101-4f0aa68daf80","Robotic Process Automation (RPA)","Technical skills","Financial Management","Demonstrated ability to design, implement, or optimize automated processes to optimize the performance of repetitive tasks. This may include identifying opportunities for automation, configuring tools, or ensuring that automated workflows enhance efficiency and accuracy. This may include using various RPA platforms or overseeing automation initiatives from a strategic perspective, drawing on an understanding of key principles and challenges in the automation space.","Automatisation robotisée des des processus (ARP)","Compétences techniques","Gestion financière","Capacité démontrée à concevoir, mettre en œuvre ou optimiser des processus automatisés pour améliorer l'efficacité des tâches répétitives. Cela peut inclure l'identification des opportunités d'automatisation, la configuration des outils ou la garantie que les flux de travail automatisés améliorent l'efficacité et la précision. Cela peut inclure l'utilisation de diverses plateformes RPA ou la supervision d'initiatives d'automatisation d'un point de vue stratégique, en s'appuyant sur une compréhension des principes clés et des défis dans le domaine de l'automatisation."
"1c3b6a53-b04e-4d62-9012-769e29233c73","Internal Reporting","Technical skills","Working in Government, Financial Management","Demonstrate ability to compile, analyze, or present financial or non-financial information to support decision-making, oversight, or strategic planning within an organization. This may include preparing internal reports, conducting variance analyses, forecasting, or tracking performance metrics in accordance with policy frameworks and reporting requirements. This may include the use of reporting software, spreadsheets, or other tools.","Rapports internes","Compétences techniques","Travailler au sein du gouvernement, Gestion financière","Capacité démontrée à compiler, analyser ou présenter des informations financières ou non financières pour soutenir la prise de décision, la surveillance ou la planification stratégique au sein d'une organisation. Cela peut inclure la préparation de rapports internes, la réalisation d'analyses de variances, les prévisions ou le suivi des indicateurs de performance conformément aux cadres de politiques et aux exigences en matière de rapports. Cela peut inclure l'utilisation de logiciels de création de rapports , de feuilles de calcul ou d'autres outils."
"da097d71-0f98-4e9b-9745-ed632b8f796a","External Reporting","Technical skills","Working in Government, Financial Management","Demonstrate the ability to compile, analyze, or communicate financial or non-financial information to external stakeholders. This may include preparing documents such as departmental results reports, financial statements, public accounts, or other statutory filings, ensuring compliance with regulations, or presenting findings to government agencies, regulatory bodies, or the public. This may include the use of reporting software, spreadsheets, or other tools.","Rapports externes","Compétences techniques","Travailler au sein du gouvernement, Gestion financière","Capacité démontrée à compiler, analyser ou communiquer des informations financières ou non financières aux parties prenantes externes. Cela peut inclure la préparation de documents tels que des rapports de résultats départementaux, des états financiers, des comptes publics ou d'autres déclarations statutaires, en veillant à la conformité avec les règlements ou à la présentation des résultats aux agences gouvernementales, aux organismes de réglementation ou au public. Cela peut inclure l'utilisation de logiciels de créations de rapports, de feuilles de calcul ou d'autres outils."
"e22d1cc0-724b-487a-8934-573567f07029","Policy Analysis - Financial Management","Technical skills","Financial Management","Demonstrated ability to analyze financial policies within an organization. This includes assessing risks, managing financial controls, and ensuring the efficient allocation of resources in alignment with organizational goals and regulatory requirements. This may include designing budget frameworks, setting financial guidelines, and ensuring compliance with financial regulations.","Analyse des politiques – Gestion financière","Compétences techniques","Gestion financière","Capacité démontrée à analyser les politiques financières au sein d’une organisation. Cela inclut l’évaluation des risques, la gestion des contrôles financiers et l’assurance d’une allocation efficace des ressources en alignement avec les objectifs organisationnels et les exigences réglementaires. Cela peut inclure la conception de cadres budgétaires, l’établissement de lignes directrices financières et la garantie de la conformité aux règlementations financières."
"87349be8-86f6-438d-bd96-1440714d4a52","Corporate Reporting","Technical skills","Working in Government, Financial Management","Demonstrated ability to produce or contribute documentation to corporate reports for internal or external stakeholders. This may include preparing internal reports to assess program performance and spending, ensuring data accuracy for managerial decisions, or preparing external reports to meet regulatory requirements and maintain transparency with stakeholders or Parliament.","Rapports d'entreprise","Compétences techniques","Travailler au sein du gouvernement, Gestion financière","Capacité démontrée à produire ou contribuer à la documentation des rapports d'entreprise pour les parties prenantes internes ou externes. Cela peut inclure la préparation de rapports internes pour évaluer la performance et les dépenses des programmes, l'assurance de l'exactitude des données pour les décisions managériales, ou la préparation de rapports externes pour répondre aux exigences réglementaires et maintenir la transparence avec les parties prenantes ou le Parlement."
"250b685c-3962-41ff-a72d-3957e6ed0c71","Internal Audit","Technical skills","Financial Management","Demonstrated ability to conduct internal audits of financial or operational activities within an organization. This includes evaluating financial policies, verifying data accuracy, identifying inefficiencies, detecting fraud, and recommending improvements to enhance transparency or, accountability, or to safeguard the organization's resources and objectives. This may include reviewing financial statements, assessing internal controls, ensuring compliance, and identifying risks.","Audit interne","Compétences techniques","Gestion financière","Capacité démontrée à réaliser des audits internes des activités financières ou opérationnelles au sein d'une organisation. Cela inclut l'évaluation des politiques financières, la vérification de l'exactitude des données, l'identification des inefficacités, la détection de fraudes et la recommandation d'améliorations visant à renforcer la transparence ou la responsabilité, ou à protéger les ressources et les objectifs de l'organisation. Cela peut inclure la révision des états financiers, l'évaluation des contrôles internes, la garantie de la conformité et l'identification des risques."
"5351ce90-7f5e-4616-90de-df3766abe0d5","Budget and Resource Management","Technical skills","Financial Management","Demonstrated ability to provide advice, guidance, and financial services in the areas of planning, budgeting, costing, or reporting to support sound decision-making and ensure the efficient and effective use of departmental resources, across the entire organization, not just for individual budget holders. This may include planning, allocating, or monitoring financial resources, developing and managing budgets, conducting financial forecasting, analyzing resource allocation, or optimizing processes. This may include the use of budgeting software, financial tracking tools, spreadsheets, or other tools.","Gestion du budget et des ressources","Compétences techniques","Gestion financière","Capacité démontrée à fournir des conseils, des orientations et des services financiers dans les domaines de la planification, du budget, du coût ou des rapports pour soutenir une prise de décision éclairée et garantir l'utilisation efficace et efficiente des ressources organisationnelles, dans l’ensemble de l’organisation, et pas seulement pour les responsables budgétaires individuels. Cela peut inclure la planification, l'allocation ou le suivi des ressources financières, l'élaboration et la gestion des budgets, la réalisation de prévisions financières, l'analyse de l'allocation des ressources, ou l'optimisation des processus. Cela peut également inclure l'utilisation de logiciels de gestion de budget, d'outils de suivi financier, de feuilles de calcul ou d'autres outils."
"50140e46-6474-4b54-aa16-9eee2c7a256c","Financial Systems Management","Technical skills","Financial Management","Demonstrated ability to manage or oversee financial systems or tools beyond end-user functionality, at an enterprise level. This includes leading or participating in teams responsible for hosting and maintaining financial systems across financial management domains. This may include collaborating with information technology (IT) teams on system maintenance and enhancements, managing data standards and interfaces, overseeing security and access controls, or ensuring alignment with financial policies and operational needs. This may include tools such as Common Departmental Financial System (CDFS), Oracle, SAP, or Microsoft Dynamics 365.","Gestion des systèmes financiers","Compétences techniques","Gestion financière","Capacité démontrée à gérer ou superviser des systèmes ou outils financiers au-delà de la fonctionnalité de l'utilisateur final, à l'échelle de l'entreprise. Cela inclut la direction ou la participation à des équipes responsables de l'hébergement et de la maintenance des systèmes financiers dans les domaines de la gestion financière. Cela peut inclure la collaboration avec les équipes des technologies de l'information (TI) pour la maintenance et l'amélioration des systèmes, la gestion des normes de données et des interfaces, la supervision de la sécurité et des contrôles d'accès, ou l'alignement avec les politiques financières et les besoins opérationnels. Cela peut inclure des outils tels que le Système Financier Ministériel Commun (SFMC), Oracle, SAP, ou Microsoft Dynamics 365."
"6ff2cb86-9f43-4403-90fc-f2a373fd84fd","Financial Management Advisory Services","Technical skills","Financial Management","Demonstrated ability to provide financial advice, guidance, or support on financial matters to an executive in charge of a program or corporate service of an organization to ensure the effective and responsible use of public funds. This includes assisting with decision-making processes, assessing financial risks, ensuring compliance with legislation, and aligning with organizational and central agency directions. This may include reviewing budgets, regulatory requirements, preparing financial reports, or interpreting financial policies to inform sound financial decisions.","Services de conseil en gestion financière","Compétences techniques","Gestion financière","Capacité démontrée à fournir des conseils financiers, des orientations ou un soutien sur les questions financières à un cadre responsable d’un programme ou un service corporatif d'une organisation afin de garantir l'utilisation efficace et responsable des fonds publics. Cela inclut l'aide à la prise de décision, l'évaluation des risques financiers, la garantie de la conformité avec la législation et l'alignement avec les orientations organisationnelles et des agences centrales. Cela peut inclure la révision des budgets, des exigences réglementaires, la préparation de rapports financiers ou l'interprétation des politiques financières pour informer des décisions financières éclairées."
"8b31199b-731e-490e-a8dc-fc08e6259112","Enterprise Resource Planning (ERP) - Solutions Implementation","Technical skills","Programming Languages, Frameworks, and Tools, Financial Management","Demonstrated ability to support the deployment or integration of an Enterprise Resource Planning (ERP) system within an organization. This may include working with teams to define requirements, configuring the system to align with business processes, migrating data, or integrating with existing tools. This may also include testing, training users, assisting with the transition, and providing ongoing support and optimization to ensure the ERP system enhances operational efficiency and meets evolving business needs.","Implémentation des solutions de progiciel de gestion intégré (PGI)","Compétences techniques","Langages de programmation, frameworks et outils, Gestion financière","Capacité démontrée à soutenir le déploiement ou l'intégration d'une solution de progiciel de gestion intégré (PGI) au sein d'une organisation. Cela peut inclure la collaboration avec des équipes pour définir les besoins, la configuration du système pour l'aligner avec les processus d’affaires, la migration des données ou l'intégration avec des outils existants. Cela peut également inclure les tests, la formation des utilisateurs, l'assistance lors de la transition et le soutien continu pour assurer que le système PGI améliore l'efficacité opérationnelle et réponde aux besoins organisationnels en constante évolution."
"f0df1c9e-c170-4ae4-9049-f7804d0f1369","Cloud Financial Operations (FinOps)","Technical skills","Financial Management","Demonstrated ability to manage the financial aspects of cloud usage across an organization. This includes fostering collaboration between finance, operations, and technical teams to optimize spending, improve cost visibility, and ensure financial accountability. This may include tasks such as budgeting, forecasting, cost governance, and aligning cloud usage with organizational financial goals.","Opérations financières Infonuagique (FinOps)","Compétences techniques","Gestion financière","financiers de l'utilisation du nuage informatique au sein d'une organisation. Cela inclut la promotion de la collaboration entre les équipes financières, opérationnelles et techniques pour optimiser les dépenses, améliorer la visibilité des coûts et garantir la responsabilité financière. Cela peut inclure des tâches telles que la budgétisation, la prévision, la gouvernance des coûts et l'alignement de l'utilisation du nuage informatique avec les objectifs financiers de l'organisation."
"b0f4b5b1-2aa0-4c24-9d24-9138bcf50ab3","Security Vulnerability Management","Technical skills","IT Security","Demonstrated ability to oversee the process of addressing and remediating identified security weaknesses in systems, networks, or applications to reduce risk and maintain security compliance. This may include continuous monitoring, patch management, threat intelligence analysis, and coordination with security teams to mitigate vulnerabilities.","Gestion des vulnérabilités de sécurité","Compétences techniques","Sécurité informatique","Capacité démontrée à superviser le processus d'identification et de correction des faiblesses de sécurité dans les systèmes, réseaux ou applications afin de réduire les risques et de maintenir la conformité en matière de sécurité. Cela peut inclure la surveillance continue, la gestion des correctifs, l'analyse des renseignements sur les menaces et la coordination avec les équipes de sécurité pour atténuer les vulnérabilités."
"ba55bd30-0eb7-4bab-9829-e7d2108399b1","User Acceptance Testing (UAT)","Technical skills","Software Solutions - Quality Assurance, Software Solutions - Web Development, Software Solutions - Application Development, Software Solutions - Product Design","Demonstrated ability to conduct user acceptance testing (UAT) with end users prior to deployment in a production environment. This may include planning, setting up or overseeing UAT, defining acceptance criteria, managing user feedback, or documenting product performance in a UAT server environment.","Test d’acceptation par l’utilisateur (EAU)","Compétences techniques","Solutions logicielles - assurance qualité, Solutions logicielles - développement web, Solutions logicielles - développement d'applications, Solutions logicielles - Conception de produits","Capacité démontrée à effectuer des tests d'acceptation par les utilisateurs (EAU) avec les utilisateurs finaux avant le déploiement dans un environnement de production. Cela peut inclure la planification, la mise en place ou la supervision des tests EAU, la définition des critères d'acceptation, la gestion des rétroactions des utilisateurs ou la documentation de la performance du produit dans un environnement serveur EAU."
"916f8149-9652-4290-8133-a5353b2e83a1","SAP Financial Systems Management","Technical skills","Financial Management","Demonstrated ability to manage or oversee SAP financial systems at an enterprise level, beyond end-user functionality. This includes leading or participating in teams responsible for hosting, maintaining, and optimizing SAP instances, regardless of version. This may include collaborating with information technology (IT) teams on system maintenance, enhancements, and upgrades, managing data standards and interfaces, overseeing security and access controls, or ensuring alignment with financial policies and operational needs.","SAP Gestion des systèmes financiers","Compétences techniques","Gestion financière","Capacité démontrée à gérer ou superviser les systèmes financiers SAP à l'échelle de l'entreprise, au-delà de la fonctionnalité de l'utilisateur final. Cela inclut la direction ou la participation à des équipes responsables de l'hébergement, de la maintenance et de l'optimisation des instances SAP, quelle que soit la version. Cela peut inclure la collaboration avec les équipes des technologies de l'information (TI) pour la maintenance, les améliorations et les mises à niveau des systèmes, la gestion des normes de données et des interfaces, la supervision de la sécurité et des contrôles d'accès, ou l'alignement avec les politiques financières et les besoins opérationnels."
"ed6dcc2c-2762-4d97-8f8e-1ea353b6c921","C4ISR System Integration","Technical skills","IT Security, Cyber Security","Demonstrated ability to integrate diverse technologies and systems into a cohesive Command and Control, Communication, Computer, Intelligence, Surveillance, and Reconnaissance (C4ISR) environment. This may include using communication technologies, sensor systems, data management tools, or network architecture to enable seamless interoperability between platforms and organizations.","Intégration des systèmes C4ISR","Compétences techniques","Sécurité informatique, Cybersécurité","Capacité démontrée à intégrer diverses technologies et systèmes dans un environnement cohérent de Commandement et Contrôle, Communications, Ordinateurs, Renseignements, Surveillance et Reconnaissance (C4ISR). Cela peut inclure l'utilisation de technologies de communication, de systèmes de capteurs, d'outils de gestion des données ou d'architecture de réseau pour permettre une interopérabilité fluide entre les plateformes et les organisations."
"5a4ce5ef-eb30-4aff-b690-ca3403f5021d","Network Security","Technical skills","IT Security","Demonstrated ability to protect and monitor network infrastructure to prevent unauthorized access, misuse, or disruption. This may include configuring firewalls, intrusion detection and prevention systems (IDPS), virtual private networks (VPNs), or implementing network segmentation and encryption protocols.","Sécurité réseau","Compétences techniques","Sécurité informatique","Capacité démontrée à protéger et surveiller l’infrastructure réseau afin de prévenir tout accès non autorisé, usage abusif ou perturbation. Cela peut inclure la configuration de pare-feu, de systèmes de détection et de prévention des intrusions (IDPS), de réseaux privés virtuels (VPN), ou encore la mise en œuvre de la segmentation du réseau et de protocoles de chiffrement."
"1a4fff6a-8131-4c0b-9b5c-294eb2c8bd7e","Systems Administration - Windows","Technical skills","IT Infrastructure Operations","Demonstrated ability to install, troubleshoot, configure, or maintain hardware or software components and to provide detailed support to users in a Windows environment. This may include tools such System Center Configuration Manager (SCCM), Active Directory (AD), PowerShell, or other related tools.","Administration des systèmes - Windows","Compétences techniques","Opérations d'infrastructure informatique","Capacité démontrée à installer, dépanner, configurer ou entretenir des composants matériels ou logiciels et à fournir une assistance détaillée aux utilisateurs dans un environnement Windows. Cela peut inclure des outils tels que System Center Configuration Manager (SCCM), Active Directory (AD),PowerShell ou tout autre outil connexe."
"81850cea-86e1-48a9-8872-6368ad1e16ea","DevOps","Technical skills","IT Infrastructure Operations, Software Solutions - Quality Assurance, Software Solutions - Web Development, Software Solutions - Application Development, Software Solutions - Product Design","Demonstrated ability to manage the lifecycle operations of a software product, with automation of release pipelines from testing to building and deployment. This may include the configuration of cloud hosting platforms and cross-team communications.","DevOps","Compétences techniques","Opérations d'infrastructure informatique, Solutions logicielles - assurance qualité, Solutions logicielles - développement web, Solutions logicielles - développement d'applications, Solutions logicielles - Conception de produits","Capacité démontrée à gérer les opérations du cycle de vie d'un produit logiciel, avec automatisation des pipelines de publication allant des tests à la construction et au déploiement. Cela peut inclure la configuration de plateformes d'hébergement en nuage et la communication entre les équipes."
"b5cafedc-aa0d-42f9-9076-774a9d07570e","Information Management Systems","Technical skills","Information and Data Governance - Operations, Software Solutions - Web Development, Information and Data Governance - Information Architecture, Software Solutions - Application Development","Demonstrated ability to use digital systems or platforms to organize, manage, and ensure access to electronic records and documents in alignment with enterprise information management practices. This may include tasks such as storing, retrieving, classifying, securing, or configuring information within systems such as GCDocs, RDIMS, or SharePoint.","Systèmes de gestion de l'information","Compétences techniques","Gouvernance de l'information et des données - Opérations, Solutions logicielles - développement web, Gouvernance de l'information et des données - Architecture de l'information, Solutions logicielles - développement d'applications","Capacité démontrée à utiliser des systèmes ou des plateformes numériques pour organiser, gérer et garantir l'accès aux dossiers et documents électroniques conformément aux pratiques de gestion de l'information de l'entreprise. Cela peut inclure des tâches telles que le stockage, la récupération, le classement, la sécurisation ou la configuration d'informations dans des systèmes tels que GCDocs, RDIMS ou SharePoint."
"5066ece5-3d78-47df-846a-52beff5e0002","Information and data literacy","Technical skills","Information and Data Governance - Strategy and Direction, Information and Data Governance - Operations, Information and Data Governance - Information Architecture","Demonstrated ability to locate, evaluate, interpret, and effectively use information or data. This may include identifying credible sources, assessing the quality and relevance of the content or applying it appropriately in context.","Littératie d'information et des données","Compétences techniques","Gouvernance de l'information et des données - Stratégie et orientation, Gouvernance de l'information et des données - Opérations, Gouvernance de l'information et des données - Architecture de l'information","Capacité démontrée à localiser, évaluer, interpréter et utiliser efficacement des informations ou des données. Cela peut inclure l'identification de sources fiables, l'évaluation de la qualité et de la pertinence du contenu ou son application appropriée dans le contexte."
"976647e1-ec5b-4b6e-b62f-3ffde587e1a8","Inclusive interactions","Behavioural skills","GC Digital Competencies","Demonstrated ability to ensure that documents, communications, or interactions are ​accessible, inclusive, equitable and usable by all individuals, regardless of setting.","Interactions inclusives","Compétences comportementales","Les compétences numériques du GC","Capacité démontrée à s'assurer que les documents, les communications ou les interactions sont accessibles, inclusifs, équitables et utilisables par tous, quel que soit le contexte."
"00317397-8914-4797-9120-367294ab3fb6","Continuous improvement","Behavioural skills","GC Digital Competencies","Demonstrated ability to deliver value and improve work through collaboration, feedback and problem-solving.","Amélioration continue","Compétences comportementales","Les compétences numériques du GC","Capacité démontrée à apporter de la valeur ajoutée et à améliorer le travail grâce à la collaboration, au retour d'information et à la résolution de problèmes."
"dd246c6c-76c6-40b1-9c60-85710e378d44","Digital responsibility","Behavioural skills","GC Digital Competencies","Demonstrated ability to use digital tools or technologies safely, ethically, and sustainably. This may include protecting sensitive information, ensuring integrity and fairness in digital activities, fostering a respectful online environment, or managing digital resources responsibly.","Responsabilité numérique","Compétences comportementales","Les compétences numériques du GC","Capacité démontrée à utiliser les outils ou technologies numériques de manière sécurisée, éthique et durable. Cela peut inclure la protection des informations sensibles, le respect de l’intégrité et de l’équité dans les activités numériques, la promotion d’un environnement en ligne respectueux, ou la gestion responsable des ressources numériques."
"102cada2-80bc-4126-8424-b8c7bd552a52","Information and Data stewardship","Behavioural skills","GC Digital Competencies","Demonstrated ability to manage, organize, or use information and data to inform decisions, achieve goals, or measure outcomes.","Intendance de l’information et des données","Compétences comportementales","Les compétences numériques du GC","Capacité démontrée à gérer, organiser ou utiliser l’information et les données pour orienter la prise de décisions et obtenir et mesurer les résultats."
"5fd192a0-9122-46dd-9118-e73583515618","Continuous improvement","Technical skills","GC Digital Competencies","Demonstrated ability to deliver value and improve work through collaboration, feedback and problem-solving.","Amélioration continue","Compétences techniques","Les compétences numériques du GC","Capacité démontrée à apporter de la valeur ajoutée et à améliorer le travail grâce à la collaboration, au retour d'information et à la résolution de problèmes."
"ce07b27f-f724-4628-b990-5af1e1b6cbb6","Cyber Security Vigilance","Technical skills","GC Digital Competencies","Demonstrated ability to take personal responsibility for safeguarding data, information, or systems within one's work environment by consistently applying cyber security best practices and departmental standards.","Vigilance en matière de cybersécurité","Compétences techniques","Les compétences numériques du GC","Capacité démontrée à assumer la responsabilité personnelle de la protection des données, des informations ou des systèmes dans son environnement de travail en appliquant systématiquement les meilleures pratiques en cybersécurité et les normes départementales."
"92276008-e22b-481b-9f97-960d8fd125a1","Information and Data stewardship","Technical skills","GC Digital Competencies","Demonstrated ability to manage, organize, or use information and data to inform decisions, achieve goals, or measure outcomes.","Intendance de l’information et des données","Compétences techniques","Les compétences numériques du GC","Capacité démontrée à gérer, organiser ou utiliser l’information et les données pour orienter la prise de décisions et obtenir et mesurer les résultats."
"97094e19-0c07-4f33-9eae-f78a04536e6d","Digital responsibility","Technical skills","GC Digital Competencies","Demonstrated ability to use digital tools or technologies safely, ethically, and sustainably. This may include protecting sensitive information, ensuring integrity and fairness in digital activities, fostering a respectful online environment, or managing digital resources responsibly.","Responsabilité numérique","Compétences techniques","Les compétences numériques du GC","Capacité démontrée à utiliser les outils ou technologies numériques de manière sécurisée, éthique et durable. Cela peut inclure la protection des informations sensibles, le respect de l’intégrité et de l’équité dans les activités numériques, la promotion d’un environnement en ligne respectueux, ou la gestion responsable des ressources numériques."
